0,0.03,0,4.8,0.351972298,0.191190619,0.202804098,6.57504207,1.908140784,5.71E-009,0.001408116,3.278779135,0.050535354,0.210455879,5.720977255,0.863278018,0.00472323,0.001416969,0.000141697,0.001,3.62E-005,0.001026848,0.001,0.001,0.011389032,0.011389032,7.48E-005,0.000292771,0.004290789,0.000220477,0.000491491,0.000999714,0.000336947,0.001,0.000242131,0.000377962,0.000987493,0.002501893,0.09647707,0.00352292,0.003,0.000299098,0.006990902,0.005943273,0.001346727,0.00729,0.001163813,0.006126187
1000,0.0359151389,0.0021737055,4.7875425699,0.3937323032,0.1977533073,0.2027854796,6.5737370999,1.9081242485,5.44E-009,0.0014344846,3.3400752998,0.0494341104,0.2104528928,5.7206951667,0.8629910089,0.0047233914,0.0014170174,0.0001417018,0.001,3.62E-005,0.0010268433,0.001,0.001,0.0113907318,0.0113890425,7.48E-005,0.0002927688,0.004290712,0.0002206594,0.0004914876,0.0009997428,0.0003369625,0.000999992,0.000242129,0.0003779466,0.0009875402,0.0025018841,0.0964773983,0.0035225917,0.003,0.0002992122,0.0069907878,0.0059433743,0.0013466257,0.00729,0.0011641387,0.0061258613
2000,0.0429967488,0.0046827759,4.7726283115,0.4025210394,0.1990201762,0.2027979524,6.5733985102,1.9082074767,5.39E-009,0.001439512,3.351919835,0.0492326221,0.2104631967,5.7210965724,0.8630227489,0.0047236107,0.0014170832,0.0001417084,0.001,3.62E-005,0.0010268459,0.001,0.001,0.0113921236,0.0113890508,7.48E-005,0.0002927696,0.0042909032,0.0002206231,0.000491489,0.0009998133,0.0003369855,0.0009999841,0.0002421258,0.0003779355,0.0009876104,0.002501869,0.0964771784,0.0035228116,0.003,0.0002992417,0.0069907583,0.0059433068,0.0013466932,0.00729,0.0011641027,0.0061258973
3000,0.0514747435,0.0076520649,4.7547725582,0.4063651933,0.1995650314,0.2028094004,6.5731991451,1.9082867273,5.37E-009,0.0014416627,3.3569798102,0.0491479821,0.2104729765,5.7214910534,0.8630771662,0.0047238143,0.0014171443,0.0001417145,0.001,3.62E-005,0.0010268548,0.001,0.001,0.0113932622,0.0113890565,7.48E-005,0.0002927731,0.0042911061,0.0002205757,0.0004914945,0.0009998854,0.0003370087,0.0009999801,0.0002421227,0.0003779269,0.0009876811,0.0025018532,0.0964769767,0.0035230133,0.003,0.0002992592,0.0069907408,0.0059432448,0.0013467552,0.00729,0.0011640411,0.0061259589
4000,0.0616244405,0.0111864941,4.7333952619,0.4085061736,0.1998678894,0.2028192336,6.5730603199,1.9083552306,5.35E-009,0.0014428538,3.3597753492,0.0491020819,0.2104813488,5.7218342444,0.8631264748,0.0047239921,0.0014171976,0.0001417198,0.001,3.62E-005,0.0010268679,0.001,0.001,0.0113941934,0.01138906,7.48E-005,0.0002927784,0.0042912923,0.000220535,0.0004915029,0.0009999516,0.0003370305,0.0009999794,0.0002421196,0.0003779201,0.0009877473,0.002501838,0.0964768034,0.0035231866,0.003,0.0002992713,0.0069907287,0.0059431916,0.0013468084,0.00729,0.0011639852,0.0061260148
5000,0.0737754524,0.0154033644,4.7078020392,0.4098561554,0.2000596666,0.2028275655,6.5729576115,1.9084129479,5.34E-009,0.0014436064,3.3615342062,0.0490736989,0.2104883266,5.7221239906,0.8631658846,0.004724144,0.0014172432,0.0001417244,0.001,3.62E-005,0.0010268835,0.001,0.001,0.0113949549,0.0113890618,7.48E-005,0.0002927848,0.0042914556,0.0002205033,0.000491513,0.0010000101,0.0003370503,0.0009999809,0.0002421169,0.0003779146,0.0009878075,0.0025018238,0.0964766565,0.0035233335,0.003,0.0002992802,0.0069907198,0.0059431465,0.0013468535,0.00729,0.0011639405,0.0061260595
6000,0.0883223868,0.0204403676,4.6771616004,0.4107751992,0.2001912099,0.202834621,6.5728795754,1.9084610852,5.34E-009,0.0014441226,3.3627329287,0.0490546483,0.2104940818,5.7223658636,0.8631955488,0.0047242729,0.0014172819,0.0001417282,0.001,3.62E-005,0.0010269005,0.001,0.001,0.0113955776,0.0113890624,7.48E-005,0.0002927918,0.004291596,0.0002204801,0.000491524,0.001000061,0.0003370679,0.0009999837,0.0002421144,0.0003779102,0.0009878611,0.0025018109,0.0964765322,0.0035234578,0.003,0.0002992871,0.0069907129,0.0059431083,0.0013468917,0.00729,0.0011639069,0.0061260931
7000,0.105737658,0.0264610589,4.6404787507,0.4114336251,0.2002863333,0.2028406317,6.572819614,1.9085010368,5.34E-009,0.0014444964,3.3635939824,0.0490411483,0.2104988052,5.7225667846,0.8632167246,0.0047243818,0.0014173146,0.0001417315,0.001,3.62E-005,0.0010269178,0.001,0.001,0.0113960867,0.0113890619,7.48E-005,0.0002927989,0.0042917152,0.0002204639,0.0004915353,0.0010001051,0.0003370834,0.0009999871,0.0002421122,0.0003779065,0.0009879082,0.0025017994,0.0964764262,0.0035235638,0.003,0.0002992923,0.0069907077,0.0059430757,0.0013469243,0.00729,0.0011638829,0.0061261171
8000,0.1265868257,0.0336605712,4.5965620712,0.4119264663,0.2003581656,0.2028458109,6.5727733882,1.9085340985,5.33E-009,0.0014447794,3.3642398353,0.0490311338,0.2105026699,5.7227333097,0.8632306997,0.0047244739,0.0014173422,0.0001417342,0.001,3.62E-005,0.0010269349,0.001,0.001,0.011396503,0.0113890607,7.48E-005,0.000292806,0.004291815,0.0002204536,0.0004915465,0.0010001434,0.0003370969,0.0009999907,0.0002421102,0.0003779035,0.0009879493,0.0025017891,0.0964763349,0.0035236551,0.003,0.0002992963,0.0069907037,0.0059430477,0.0013469523,0.00729,0.0011638671,0.0061261329
9000,0.1515469571,0.0422727017,4.5439852306,0.4122882993,0.200411807,0.2028503591,6.5727382229,1.9085614857,5.33E-009,0.0014449915,3.3647236897,0.0490239663,0.2105058365,5.7228715537,0.8632388961,0.0047245519,0.0014173656,0.0001417366,0.001,3.62E-005,0.0010269514,0.001,0.001,0.0113968434,0.0113890589,7.48E-005,0.0002928129,0.0042918979,0.0002204478,0.0004915573,0.0010001767,0.0003371086,0.0009999941,0.0002421085,0.0003779009,0.0009879848,0.00250178,0.0964762548,0.0035237352,0.003,0.0002992994,0.0069907006,0.0059430231,0.0013469769,0.00729,0.0011638578,0.0061261422
10000,0.1814286767,0.0525755178,4.4810405312,0.4125825027,0.2004554031,0.2028544428,6.5727117175,1.9085840448,5.33E-009,0.0014451655,3.3651062716,0.0490180069,0.2105084104,5.7229862542,0.8632414652,0.0047246181,0.0014173854,0.0001417386,0.001,3.62E-005,0.0010269671,0.001,0.001,0.0113971216,0.0113890565,7.48E-005,0.0002928194,0.0042919651,0.0002204464,0.0004915676,0.0010002061,0.0003371186,0.000999997,0.000242107,0.0003778987,0.0009880152,0.0025017721,0.0964761828,0.0035238072,0.003,0.0002993017,0.0069906983,0.005943001,0.001346999,0.00729,0.0011638549,0.0061261451
11000,0.2172039762,0.0649038771,4.4056803068,0.412810666,0.200490134,0.202858234,6.5726924521,1.9086027096,5.33E-009,0.001445305,3.3654127211,0.0490134967,0.2105105131,5.7230818514,0.8632394337,0.0047246745,0.0014174023,0.0001417402,0.001,3.62E-005,0.0010269819,0.001,0.001,0.011397349,0.0113890535,7.48E-005,0.0002928256,0.0042920188,0.0002204486,0.0004915774,0.0010002325,0.000337127,0.0009999993,0.0002421058,0.0003778967,0.000988041,0.0025017651,0.096476116,0.003523874,0.003,0.0002993034,0.0069906966,0.0059429804,0.0013470196,0.00729,0.0011638572,0.0061261428
12000,0.2600364876,0.0796580924,4.3154531315,0.4129932626,0.2005184805,0.2028618983,6.5726794527,1.9086181301,5.33E-009,0.0014454202,3.3656602168,0.0490099228,0.2105122232,5.7231619868,0.8632326307,0.0047247229,0.0014174169,0.0001417417,0.001,3.62E-005,0.0010269959,0.001,0.001,0.0113975347,0.01138905,7.48E-005,0.0002928315,0.0042920598,0.0002204543,0.0004915866,0.0010002567,0.0003371342,0.0010000009,0.0002421047,0.0003778948,0.0009880628,0.0025017589,0.0964760514,0.0035239386,0.003,0.0002993045,0.0069906955,0.0059429606,0.0013470394,0.00729,0.0011638649,0.0061261351
13000,0.3113184169,0.0973167898,4.2074259915,0.4131409816,0.200542021,0.2028656087,6.5726721025,1.9086308909,5.32E-009,0.0014455172,3.3658636453,0.0490070946,0.2105136113,5.7232298335,0.863220827,0.0047247647,0.0014174294,0.0001417429,0.001,3.62E-005,0.0010270092,0.001,0.001,0.0113976864,0.0113890458,7.48E-005,0.0002928371,0.004292089,0.0002204638,0.0004915954,0.0010002796,0.0003371401,0.0010000017,0.0002421037,0.000377893,0.0009880809,0.0025017535,0.096475986,0.003524004,0.003,0.0002993052,0.0069906948,0.0059429405,0.0013470595,0.00729,0.0011638783,0.0061261217
14000,0.3727133369,0.1184518902,4.0780940879,0.413261914,0.2005619805,0.2028695616,6.5726701539,1.9086414747,5.32E-009,0.001445601,3.3660339083,0.0490048632,0.2105147336,5.7232881497,0.8632033001,0.0047248014,0.0014174404,0.000141744,0.001,3.62E-005,0.001027022,0.001,0.001,0.0113978102,0.0113890408,7.48E-005,0.0002928424,0.0042921065,0.0002204775,0.0004916039,0.0010003022,0.000337145,0.0010000015,0.0002421029,0.0003778911,0.0009880957,0.0025017487,0.0964759163,0.0035240737,0.003,0.0002993053,0.0069906947,0.0059429191,0.0013470809,0.00729,0.0011638981,0.0061261019
15000,0.4462088403,0.1437466232,3.9232698431,0.413362362,0.2005793746,0.2028740001,6.5726737602,1.9086502856,5.32E-009,0.0014456758,3.3661799055,0.0490031252,0.2105156343,5.7233394279,0.8631787206,0.0047248342,0.0014174503,0.000141745,0.001,3.62E-005,0.0010270344,0.001,0.001,0.011397911,0.0113890347,7.48E-005,0.0002928477,0.004292112,0.0002204966,0.0004916121,0.0010003255,0.0003371489,0.0010000002,0.0002421022,0.000377889,0.0009881075,0.0025017444,0.0964758381,0.0035241519,0.003,0.000299305,0.006990695,0.0059428951,0.0013471049,0.00729,0.001163926,0.006126074
16000,0.5341911276,0.1740210267,3.737925639,0.4134463674,0.200594968,0.2028792507,6.5726836055,1.9086576632,5.32E-009,0.001445745,3.3663080228,0.0490018358,0.2105163472,5.7233860551,0.8631448639,0.0047248644,0.0014174593,0.0001417459,0.001,3.62E-005,0.001027047,0.001,0.001,0.0113979931,0.0113890272,7.48E-005,0.000292853,0.0042921041,0.0002205226,0.0004916205,0.0010003506,0.0003371518,0.0009999975,0.0002421016,0.0003778867,0.0009881165,0.0025017404,0.0964757455,0.0035242445,0.003,0.0002993042,0.0069906958,0.0059428667,0.0013471333,0.00729,0.0011639643,0.0061260357
17000,0.6395212134,0.2102582532,3.5160330474,0.4135188092,0.2006097301,0.2028857895,6.5727010733,1.9086638934,5.32E-009,0.001445813,3.3664263169,0.0490009532,0.2105168948,5.7234305045,0.863098017,0.0047248931,0.0014174679,0.0001417468,0.001,3.62E-005,0.0010270601,0.001,0.001,0.0113980595,0.0113890178,7.48E-005,0.0002928586,0.0042920801,0.0002205583,0.0004916293,0.001000379,0.0003371539,0.0009999932,0.0002421011,0.0003778839,0.0009881227,0.0025017366,0.0964756302,0.0035243598,0.003,0.0002993026,0.0069906974,0.0059428313,0.0013471687,0.00729,0.0011640174,0.0061259826
18000,0.7656173662,0.2536324513,3.2503887635,0.4135831997,0.2006246319,0.2028943704,6.5727287679,1.9086692275,5.32E-009,0.0014458845,3.366542378,0.0490005017,0.2105172879,5.7234757322,0.863031854,0.004724922,0.0014174766,0.0001417477,0.001,3.62E-005,0.0010270744,0.001,0.001,0.0113981129,0.0113890057,7.48E-005,0.0002928648,0.0042920349,0.0002206087,0.000491639,0.0010004131,0.000337155,0.0009999867,0.0002421006,0.0003778804,0.0009881262,0.0025017329,0.0964754789,0.0035245111,0.003,0.0002993002,0.0069906998,0.0059427848,0.0013472152,0.00729,0.0011640924,0.0061259076
19000,0.9165731945,0.305549193,2.9323649909,0.4136437482,0.2006410838,0.2029063133,6.5727715928,1.9086738906,5.32E-009,0.0014459667,3.3666670749,0.0490005763,0.2105175178,5.7235258646,0.8629347392,0.0047249532,0.001417486,0.0001417486,0.001,3.62E-005,0.0010270911,0.001,0.001,0.0113981554,0.0113889896,7.48E-005,0.0002928719,0.0042919587,0.0002206825,0.0004916502,0.001000456,0.0003371551,0.000999977,0.0002421002,0.0003778758,0.0009881266,0.0025017289,0.0964752684,0.0035247216,0.003,0.0002992965,0.0069907035,0.0059427202,0.0013472798,0.00729,0.0011642025,0.0061257975
20000,1.0972854455,0.3676885116,2.5516385119,0.413706353,0.2006615073,0.2029241732,6.5728393097,1.9086780909,5.32E-009,0.0014460721,3.3668189346,0.0490014202,0.2105175389,5.7235877502,0.8627834153,0.0047249902,0.0014174971,0.0001417497,0.001,3.62E-005,0.0010271118,0.001,0.001,0.0113981883,0.0113889673,7.48E-005,0.0002928809,0.0042918315,0.0002207975,0.0004916643,0.0010005134,0.000337154,0.0009999626,0.0002420998,0.0003778696,0.0009881232,0.0025017243,0.0964749534,0.0035250366,0.003,0.0002992906,0.0069907094,0.0059426235,0.0013473765,0.00729,0.0011643741,0.0061256259
21000,1.3136138609,0.4420579162,2.0958496375,0.4137823102,0.2006910866,0.2029537675,6.5729542375,1.9086820186,5.32E-009,0.0014462276,3.3670380426,0.0490036737,0.2105172085,5.7236754656,0.8625235636,0.0047250395,0.0014175119,0.0001417512,0.001,3.62E-005,0.00102714,0.001,0.001,0.0113982123,0.0113889342,7.48E-005,0.0002928931,0.0042916074,0.0002209952,0.0004916835,0.0010005962,0.000337151,0.0009999402,0.0002420993,0.0003778604,0.0009881142,0.0025017186,0.0964744315,0.0035255585,0.003,0.0002992805,0.0069907195,0.0059424633,0.0013475367,0.00729,0.0011646688,0.0061253312
22000,1.5725630992,0.53104911,1.5502065791,0.4139025894,0.2007444988,0.2030119342,6.5731803735,1.9086857436,5.32E-009,0.0014465086,3.3674402262,0.0490093509,0.2105160414,5.7238268894,0.8619943054,0.0047251169,0.0014175351,0.0001417535,0.001,3.62E-005,0.0010271835,0.001,0.001,0.0113982264,0.01138888,7.48E-005,0.0002929121,0.0042911516,0.0002213992,0.0004917132,0.0010007298,0.0003371448,0.0009999016,0.0002420988,0.0003778454,0.0009880956,0.00250171,0.0964734056,0.0035265844,0.003,0.0002992608,0.0069907392,0.0059421485,0.0013478515,0.00729,0.0011652695,0.0061247305
23000,1.8824685691,0.6374739946,0.8970329276,0.4142077816,0.2008870196,0.2031739016,6.5737969518,1.9086879134,5.32E-009,0.0014472441,3.3685551834,0.0490280992,0.210511592,5.7241989491,0.8604590603,0.0047252745,0.0014175823,0.0001417582,0.001,3.62E-005,0.0010272672,0.001,0.001,0.0113982252,0.0113887718,7.48E-005,0.0002929486,0.0042898581,0.00022258,0.0004917704,0.0010009938,0.0003371311,0.0009998213,0.000242098,0.0003778156,0.0009880543,0.002501694,0.0964705473,0.0035294427,0.003,0.000299207,0.006990793,0.0059412721,0.0013487279,0.00729,0.001167016,0.006122984
24000,2.2528689091,0.7641361546,0.1151801336,0.4192486015,0.2031023147,0.2057643263,6.5825314275,1.9086144473,5.32E-009,0.0014582141,3.386644227,0.0493726639,0.210424897,5.7287525198,0.8352666439,0.0047260778,0.0014178233,0.0001417823,0.001,3.63E-005,0.001027634,0.001,0.001,0.0113981439,0.0113882827,7.48E-005,0.0002931089,0.0042687832,0.0002431431,0.0004920214,0.0010021712,0.0003370687,0.0009994367,0.0002420943,0.0003776819,0.0009878662,0.002501622,0.0964245239,0.0035754661,0.003,0.000298446,0.006991554,0.0059272905,0.0013627095,0.00729,0.0011964343,0.0060935657
25000,2.420331678,0.7269411773,-9.86E-026,0.7884567496,0.1652296654,3.9146691666,0.0454654483,0.0128057032,25.7300454368,0.2360906913,3.4917981305,0.0130665535,0.050330837,0.1539653786,0.0078209316,0.0119016083,0.0035704825,0.0003570482,0.001,5.67E-005,0.0011069525,0.001,0.001,0.0112717873,0.0110204219,8.67E-005,0.0003414514,0.0004562486,0.0044352166,0.0005643779,0.0011725129,0.0005102765,0.0009524385,0.0002355979,0.0003583173,0.0018362709,0.0023637031,0.0058401157,0.0941598743,0.003,0.0072818619,8.14E-006,0.0013565486,0.0059334514,0.00729,0.006958176,0.000331824
26000,2.5595267109,0.6292237634,7.97E-026,0.7288669946,0.2502491554,3.9348875198,0.0645379125,0.06883033,24.150430948,0.3091441845,4.199056882,0.0207023792,0.0778784919,0.232339009,0.011526781,0.0196663856,0.0058999157,0.0005899916,0.001,7.90E-005,0.0011937634,0.001,0.001,0.0111399437,0.0106276385,9.95E-005,0.0003946168,0.0006525508,0.0046470477,0.000643917,0.0013513555,0.0006965265,0.0009034538,0.0002286809,0.0003379804,0.002749607,0.0022162111,0.0055781921,0.0944217979,0.003,0.0072736205,1.64E-005,0.00135087,0.00593913,0.00729,0.0068112697,0.0004787303
27000,2.7066801307,0.4932060812,3.25E-027,0.7261588841,0.3273196288,3.9351421489,0.0756221459,0.14794224,22.2252944557,0.3708002901,4.6743937044,0.0274047517,0.1002214133,0.2910702347,0.014833818,0.0268031378,0.0080409413,0.0008040941,0.001,9.95E-005,0.0012735801,0.001,0.001,0.0110187268,0.0102666404,0.0001111728,0.000443503,0.0008149552,0.0048596761,0.0007170535,0.0015156851,0.0008676344,0.0008587837,0.0002223208,0.0003192816,0.0035884342,0.0020806442,0.0055781236,0.0944218664,0.003,0.0072675299,2.25E-005,0.0013507988,0.0059392012,0.00729,0.0066853139,0.0006046861
28000,2.8621813738,0.3178793349,-2.91E-026,0.7378115855,0.3981207352,3.9364163572,0.0843646071,0.2356068368,20.2768603576,0.4303405909,5.0215510493,0.0333070779,0.1217502112,0.3449777892,0.0178383054,0.0333598657,0.0100079597,0.001000796,0.001,0.0001183164,0.0013469017,0.001,0.001,0.0109071699,0.0099348467,0.0001219362,0.0004884177,0.0009545604,0.0050645046,0.0007842473,0.0016665292,0.0010247728,0.0008180459,0.0002164724,0.0003020892,0.0043585801,0.0019560578,0.0055249063,0.0944750837,0.003,0.0072620552,2.79E-005,0.0013504425,0.0059395575,0.00729,0.0065748533,0.0007151467
29000,3.0261644453,0.1025143774,9.41E-026,0.745401897,0.4601514871,3.9395891518,0.0928129433,0.325276665,18.4042913844,0.4891339405,5.2692428704,0.038308916,0.1436467424,0.3985831097,0.0206179427,0.0393702275,0.0118110683,0.0011811068,0.001,0.0001355853,0.0014140637,0.001,0.001,0.0108041094,0.0096299366,0.000131797,0.0005295842,0.0010731291,0.005261326,0.0008458298,0.0018042666,0.0011687452,0.0007809166,0.000211093,0.000286284,0.005064039,0.0018416747,0.0054185016,0.0945814884,0.003,0.0072562053,3.38E-005,0.0013495562,0.0059404438,0.00729,0.0064758613,0.0008141387
29000,0.03,5,0,0.745401897,0.4601514871,3.9395891518,0.0928129433,0.325276665,18.4042913844,0.4891339405,5.2692428704,0.038308916,0.1436467424,0.3985831097,0.0206179427,0.0393702275,0.0118110683,0.0011811068,0.001,0.0001355853,0.0014140637,0.001,0.001,0.0108041094,0.0096299366,0.000131797,0.0005295842,0.0010731291,0.005261326,0.0008458298,0.0018042666,0.0011687452,0.0007809166,0.000211093,0.000286284,0.005064039,0.0018416747,0.0054185016,0.0945814884,0.003,0.0072562053,3.38E-005,0.0013495562,0.0059404438,0.00729,0.0064758613,0.0008141387
30000,0.0317275752,4.9974373485,9.87E-027,0.7820723434,0.5275077884,3.9452378893,0.1020697806,0.4098375072,16.6072496754,0.5552439169,5.5160220978,0.0433707817,0.1673494652,0.4555867551,0.0230097125,0.0449290744,0.0134787223,0.0013478722,0.001,0.0001515677,0.0014763468,0.001,0.001,0.0107103834,0.0093495845,0.0001409251,0.0005677162,0.0011892059,0.0054374865,0.0009028799,0.0019327089,0.00130187,0.0007469668,0.00020615,0.0002717443,0.0057160184,0.0017362431,0.0052024487,0.0947975413,0.003,0.0072491677,4.08E-005,0.0013479813,0.0059420187,0.00729,0.0063930377,0.0008969623
31000,0.0335546428,4.9944410271,7.07E-026,0.8038132851,0.5846792997,3.9515930801,0.1128416987,0.489984086,14.8946601638,0.6220141793,5.6901581098,0.0475401534,0.192404624,0.5160927799,0.025267477,0.0500389353,0.0150116806,0.0015011681,0.001,0.0001662689,0.0015336447,0.001,0.001,0.0106242878,0.0090919845,0.000149315,0.0006027977,0.0012875393,0.0056077463,0.0009553661,0.0020508053,0.0014241656,0.0007159897,0.0002016053,0.0002583758,0.0063146641,0.0016393391,0.0049806164,0.0950193736,0.003,0.0072401564,4.98E-005,0.0013462137,0.0059437863,0.00729,0.0063167752,0.0009732248
32000,0.0354869137,4.9909949879,4.91E-026,0.8261387793,0.6375588432,3.9587109576,0.1255830094,0.5622648592,13.2584761234,0.6926058706,5.8331260879,0.0512296806,0.2193068611,0.5814253201,0.027310116,0.0547354534,0.016420636,0.0016420636,0.001,0.0001797929,0.0015863624,0.001,0.001,0.0105452294,0.0088553611,0.0001570248,0.0006350769,0.0013761666,0.0057659346,0.0010036593,0.0021593863,0.0015364693,0.0006877227,0.000197427,0.0002460844,0.0068640126,0.0015502885,0.0047350905,0.0952648995,0.003,0.0072283655,6.16E-005,0.0013442395,0.0059457605,0.00729,0.0062493304,0.0010406696
33000,0.0375304588,4.9870819722,-3.50E-026,0.8492621577,0.6863921579,3.9660540262,0.1402029964,0.6259631824,11.7019546069,0.7663927526,5.9516976891,0.0544782509,0.2478040037,0.6509862286,0.0291505805,0.0590514556,0.0177154367,0.0017715437,0.001,0.0001922351,0.0016348724,0.001,0.001,0.0104726617,0.0086380858,0.0001641085,0.0006647817,0.0014565243,0.0059123328,0.0010481008,0.0022592203,0.001639547,0.0006619245,0.0001935855,0.0002347832,0.00736773,0.0014684708,0.0044847214,0.0955152686,0.003,0.0072133394,7.67E-005,0.0013422089,0.0059477911,0.00729,0.0061897826,0.0011002174
34000,0.0396916824,4.9826836514,2.68E-026,0.8735824134,0.7314038346,3.9730568606,0.1559804647,0.6816267998,10.2453488375,0.8413475899,6.0506386466,0.0573160312,0.2770698646,0.722418805,0.0308001685,0.0630168692,0.0189050607,0.0018905061,0.001,0.0002036827,0.0016795131,0.001,0.001,0.0104060814,0.0084386682,0.0001706151,0.0006921192,0.0015297884,0.0060473381,0.0010890004,0.0023510118,0.001734099,0.0006383758,0.0001900538,0.0002243924,0.0078291649,0.0013933177,0.0042484762,0.0957515138,0.003,0.0071953515,9.46E-005,0.0013402781,0.0059497219,0.00729,0.0061373668,0.0011526332
35000,0.04197736,4.9777805954,1.06E-025,0.8995753388,0.7727936804,3.9793269369,0.1719386414,0.7304266215,8.9123045854,0.9148545831,6.1334095396,0.059767148,0.3060409445,0.7926860774,0.032268253,0.0666590546,0.0199977164,0.0019997716,0.001,0.0002142152,0.0017205931,0.001,0.001,0.0103450189,0.0082557243,0.0001765902,0.000717278,0.001596952,0.0061714123,0.0011266404,0.0024354089,0.0018207775,0.0006168761,0.0001868069,0.0002148386,0.0082514601,0.0013243037,0.0040384668,0.0959615232,0.003,0.0071753143,0.0001146857,0.001338554,0.005951446,0.00729,0.0060914593,0.0011985407
36000,0.0443946593,4.972352289,-2.17E-026,0.9277703156,0.8107335373,3.9847272182,0.1872588105,0.7734629224,7.7179169922,0.9846672077,6.2025708449,0.0618509927,0.3338046492,0.8592657727,0.0335618783,0.0700029493,0.0210008848,0.0021000885,0.001,0.0002239053,0.0017583948,0.001,0.001,0.0102890347,0.0080879598,0.000182076,0.0007404308,0.0016588363,0.0062850851,0.0011612789,0.0025130071,0.0019001959,0.0005972422,0.000183822,0.0002060545,0.0086376125,0.0012609414,0.0038582416,0.0961417484,0.003,0.0071543633,0.0001356367,0.0013370727,0.0059529273,0.00729,0.0060515727,0.0012384273
37000,0.0469511605,4.9663771578,-1.17E-026,0.9587128815,0.8453663011,3.9892911133,0.2013983439,0.8115482002,6.6675284322,1.0491993062,6.260050456,0.0635841975,0.3597189772,0.920488785,0.0346862698,0.0730712073,0.0219213622,0.0021921362,0.001,0.00023282,0.0017931776,0.001,0.001,0.0102377178,0.0079341604,0.0001871116,0.0007617358,0.0017161333,0.0063889211,0.001193153,0.0025843539,0.0019729333,0.0005793068,0.0001810778,0.000197978,0.0089904926,0.0012027775,0.0037060938,0.0962938962,0.003,0.0071335629,0.0001564371,0.0013358233,0.0059541767,0.00729,0.006017326,0.001272674
38000,0.0496548792,4.9598325787,-2.51E-026,0.9928841871,0.876807944,3.993121669,0.2140408547,0.8452736244,5.7599347353,1.1074514945,6.3073420762,0.0649837116,0.3833763128,0.9753937677,0.0356460624,0.0758843074,0.0227652922,0.0022765292,0.001,0.000241021,0.0018251805,0.001,0.001,0.0101906841,0.0077931887,0.0001917337,0.0007813393,0.001769394,0.0064835385,0.0012224813,0.0026499532,0.0020395352,0.0005629163,0.0001785552,0.0001905521,0.0093128408,0.0011493909,0.0035783601,0.0964216299,0.003,0.0071137958,0.0001762042,0.0013347765,0.0059552235,0.00729,0.0059883978,0.0013016022
39000,0.0525142927,4.9526948523,-5.68E-027,1.0305772264,0.9051577704,3.9963361802,0.2250357319,0.8751142432,4.9893122311,1.1589074793,6.3456707573,0.0660707756,0.4045579734,1.0235566054,0.0364470332,0.0784606711,0.0235382013,0.0023538201,0.001,0.0002485649,0.0018546238,0.001,0.001,0.0101475764,0.0076639822,0.0001959759,0.0007993759,0.0018190386,0.0065696022,0.0012494653,0.0027102677,0.002100514,0.0005479306,0.0001762361,0.0001837244,0.009607257,0.0011003907,0.0034710605,0.0965289295,0.003,0.007095723,0.000194277,0.0013338993,0.0059561007,0.00729,0.0059644686,0.0013255314
40000,0.0555383668,4.9449391209,-2.65E-030,1.0717749473,0.9305170576,3.9990450298,0.2343624286,0.9014966497,4.3458297115,1.2034858781,6.3761279309,0.066874173,0.423210008,1.0649913872,0.037097839,0.0808168621,0.0242450586,0.0024245059,0.001,0.0002555043,0.0018817108,0.001,0.001,0.0101080634,0.0075455519,0.0001998696,0.0008159699,0.0018653604,0.0066478244,0.001274291,0.0027657234,0.0021563482,0.0005342213,0.0001741041,0.0001774468,0.0098761883,0.0010554154,0.003380498,0.096619492,0.003,0.0070797595,0.0002102405,0.001333161,0.005956839,0.00729,0.005945166,0.001344834
41000,0.0587365833,4.936539205,8.13E-027,1.116094273,0.9530114137,4.0013451242,0.2421049598,0.9248267324,3.8164586893,1.2414906844,6.399759327,0.0674307811,0.4394222128,1.1000729435,0.0376110191,0.082967869,0.0248903607,0.0024890361,0.001,0.0002618871,0.0019066288,0.001,0.001,0.0100718394,0.0074369826,0.0002034438,0.0008312358,0.0019085506,0.0067189426,0.0012971297,0.0028167115,0.0022074818,0.0005216717,0.0001721441,0.0001716749,0.0101219156,0.0010141306,0.0033034462,0.0966965438,0.003,0.0070660725,0.0002239275,0.0013325347,0.0059574653,0.00729,0.0059300332,0.0013599668
42000,0.06211897,4.9274673675,2.07E-026,1.1628283311,0.9728063448,4.0033181017,0.2484229658,0.945492958,3.3857923148,1.2735273068,6.4175962212,0.0677830444,0.4533950221,1.1294386072,0.0380027456,0.0849274621,0.0254782386,0.0025478239,0.001,0.0002677581,0.0019295506,0.001,0.001,0.0100386233,0.0073374309,0.000206725,0.0008452793,0.0019487278,0.0067836934,0.0013181396,0.002863592,0.0022543243,0.000510176,0.0001703423,0.0001663679,0.0103465422,0.0009762291,0.0032372008,0.0967627892,0.003,0.0070546151,0.0002353849,0.001331998,0.005958002,0.00729,0.0059185335,0.0013714665
43000,0.0656961452,4.9176940027,4.42E-026,1.2110794966,0.9901103513,4.0050299021,0.2535157699,0.9638548346,3.0378090216,1.300369526,6.4306370011,0.0679742505,0.4653923192,1.1538611022,0.0382913772,0.0867085685,0.0260125706,0.0026012571,0.001,0.000273158,0.0019506357,0.001,0.001,0.0100081575,0.0072461237,0.0002097378,0.0008581981,0.0019859885,0.0068427655,0.0013374668,0.0029066961,0.0022972507,0.0004996384,0.0001686858,0.0001614885,0.0105519917,0.0009414282,0.003179594,0.096820396,0.003,0.0070451925,0.0002448075,0.0013315327,0.0059584673,0.00729,0.0059100888,0.0013799112
44000,0.0694793679,4.9071873092,-9.84E-027,1.2599061205,1.0051632945,4.0065318154,0.2575912702,0.9802336706,2.7571558921,1.3228392935,6.4398086024,0.0680444881,0.4756979458,1.1741376092,0.038495638,0.0883235715,0.0264970715,0.0026497071,0.001,0.0002781247,0.0019700312,0.001,0.001,0.0099802067,0.0071623536,0.0002125045,0.000870082,0.0020204322,0.0068967796,0.0013552458,0.0029463289,0.0023366033,0.0004899725,0.0001671629,0.0001570019,0.0107400107,0.0009094689,0.003128941,0.096871049,0.003,0.0070375329,0.0002524671,0.0013311247,0.0059588753,0.00729,0.0059041272,0.0013858728
45000,0.0734803806,4.8959136205,3.89E-026,1.3084465715,1.018217964,4.0078625926,0.2608415377,0.9949036901,2.5303707849,1.3417052299,6.4459293506,0.06802766,0.484579551,1.1910017894,0.0386329433,0.089784315,0.0269352945,0.0026935295,0.001,0.0002826925,0.0019878707,0.001,0.001,0.0099545593,0.0070854855,0.0002150455,0.000881013,0.0020521771,0.0069462672,0.0013715991,0.0029827671,0.0023726889,0.0004811019,0.0001657628,0.000152877,0.0109121546,0.0008801174,0.003083979,0.096916011,0.003,0.0070313489,0.0002586511,0.0013307634,0.0059592366,0.00729,0.0059001265,0.0013898735
46000,0.0777117998,4.8838362031,-2.45E-026,1.3559999807,1.0295252215,4.0090512629,0.2634321558,1.0080965148,2.3462192169,1.3576374742,6.4496910478,0.0679506361,0.4922731451,1.2050875525,0.038718442,0.091102524,0.0273307572,0.0027330757,0.001,0.0002868937,0.0020042797,0.001,0.001,0.0099310193,0.0070149305,0.0002173795,0.0008910678,0.0020813681,0.0069916876,0.0013866415,0.0030162696,0.0024057909,0.0004729563,0.0001644756,0.0001490844,0.0110698511,0.000853156,0.0030437609,0.0969562291,0.003,0.0070263724,0.0002636276,0.0013304408,0.0059595592,0.00729,0.0058976381,0.0013923619
47000,0.0821868778,4.8709159057,7.57E-026,1.4020341753,1.0393194415,4.0101194803,0.2654991511,1.0200036362,2.195678567,1.3711910027,6.4516588661,0.0678338134,0.4989765428,1.2169179429,0.0387646929,0.092289512,0.0276868536,0.0027686854,0.001,0.0002907576,0.0020193728,0.001,0.001,0.0099094092,0.0069501554,0.0002195238,0.0009003166,0.0021081656,0.0070334298,0.0014004781,0.0030470734,0.002436165,0.000465473,0.0001632922,0.0001455973,0.0112143796,0.0008283869,0.0030075779,0.0969924121,0.003,0.0070223717,0.0002676283,0.0013301511,0.0059598489,0.00729,0.0058962928,0.0013937072
48000,0.0869196511,4.8571106955,-5.93E-026,1.4461873248,1.0478111053,4.0110836334,0.2671498097,1.0307819092,2.0717754809,1.3828064799,6.4522789112,0.0676918078,0.5048491771,1.2269086346,0.0387816136,0.0933561752,0.0280068526,0.0028006853,0.001,0.0002943113,0.0020332553,0.001,0.001,0.0098895675,0.0068906762,0.0002214938,0.0009088239,0.0021327386,0.0070718252,0.0014132052,0.0030753955,0.0024640427,0.0004585953,0.0001622042,0.0001423911,0.0113468905,0.0008056296,0.0029748932,0.0970250968,0.003,0.0070191575,0.0002708425,0.0013298897,0.0059601103,0.00729,0.0058958008,0.0013941992
49000,0.0919249604,4.8423756356,-8.61E-026,1.4882118281,1.0551865728,4.0119567626,0.268470877,1.0405639389,1.9689319227,1.392842294,6.4519081578,0.0675356429,0.5100233064,1.2353988698,0.0387771806,0.0943129371,0.0282938811,0.0028293881,0.001,0.0002975797,0.0020460242,0.001,0.001,0.0098713469,0.0068360513,0.000223304,0.000916649,0.0021552554,0.0071071641,0.0014249119,0.0031014359,0.0024896347,0.0004522723,0.0001612039,0.0001394432,0.0114684252,0.000784719,0.0029452754,0.0970547146,0.003,0.0070165729,0.0002734271,0.001329653,0.005960347,0.00729,0.0058959297,0.0013940703
50000,0.0972185041,4.8266627363,-1.74E-026,1.5279803301,1.0616056308,4.0127492556,0.269529028,1.0494598212,1.8829397246,1.401575819,6.4508176388,0.0673727057,0.5146035397,1.242652829,0.0387573823,0.0951696651,0.0285508995,0.00285509,0.001,0.0003005856,0.0020577688,0.001,0.001,0.0098546128,0.0067858773,0.0002249674,0.0009238466,0.0021758797,0.0071397021,0.0014356797,0.0031253783,0.0025131329,0.0004464574,0.0001602842,0.0001367327,0.0115799263,0.0007655037,0.0029183792,0.0970816108,0.003,0.0070144949,0.0002755051,0.0013294383,0.0059605617,0.00729,0.0058965054,0.0013934946
51000,0.1028168841,4.8099208405,-6.76E-026,1.565439589,1.0672055764,4.013469774,0.2703767858,1.0575632616,1.8105189645,1.4092270601,6.449217504,0.0672082325,0.5186751522,1.2488818047,0.0387268279,0.0959356286,0.0287806886,0.0028780689,0.001,0.0003033502,0.0020685711,0.001,0.001,0.0098392423,0.0067397859,0.000226496,0.0009304669,0.002194768,0.0071696672,0.0014455839,0.0031473916,0.0025347121,0.0004411086,0.0001594387,0.0001342407,0.0116822495,0.000747845,0.0028939162,0.0971060738,0.003,0.0070128251,0.0002771749,0.0013292432,0.0059607568,0.00729,0.0058973941,0.0013926059
52000,0.1087376576,4.7920954914,3.05E-026,1.6005936456,1.0721030311,4.0141256794,0.2710555792,1.0649548741,1.749111247,1.4159710743,6.4472682042,0.0670458003,0.5223079475,1.2542553361,0.0386890035,0.0966194689,0.0289858407,0.0028985841,0.001,0.0003058927,0.0020785067,0.001,0.001,0.0098251229,0.0066974404,0.0002279009,0.0009365562,0.0022120663,0.0071972654,0.0014546937,0.0031676312,0.0025545321,0.0004361874,0.0001586613,0.0001319493,0.0117761722,0.0007316159,0.0028716399,0.0971283501,0.003,0.0070114848,0.0002785152,0.0013290656,0.0059609344,0.00729,0.0058984946,0.0013915054
53000,0.1149993918,4.7731287792,2.30E-026,1.6334903153,1.0763965755,4.0147233354,0.271597736,1.0717042529,1.6967427809,1.4219460187,6.4450902513,0.066887708,0.5255588418,1.2589085499,0.0386464822,0.0972291863,0.0291687559,0.0029168756,0.001,0.000308231,0.0020876451,0.001,0.001,0.0098121515,0.0066585323,0.0002291921,0.0009421572,0.0022279105,0.0072226837,0.0014630728,0.00318624,0.0025727387,0.0004316589,0.0001579465,0.0001298426,0.0118624024,0.0007166998,0.0028513368,0.0971486532,0.003,0.0070104123,0.0002795877,0.0013289038,0.0059610962,0.00729,0.0058997323,0.0013902677
54000,0.121621799,4.752958926,1.14E-025,1.6641959888,1.0801701844,4.0152683167,0.2720298157,1.0778728783,1.6517975959,1.4272666762,6.4427780421,0.0667356303,0.5284763932,1.2629543822,0.0386012824,0.0977721098,0.0293316329,0.0029331633,0.001,0.0003103814,0.0020960498,0.001,0.001,0.0098002344,0.0066227812,0.0002303789,0.0009473086,0.0022424244,0.007246093,0.0014707795,0.0032033486,0.0025894643,0.0004274912,0.0001572894,0.0001279057,0.0119415812,0.0007029905,0.0028328184,0.0971671716,0.003,0.0070095563,0.0002804437,0.0013287563,0.0059612437,0.00729,0.0059010485,0.0013889515
55000,0.1286254508,4.7315212672,-2.54E-026,1.6928102516,1.083494599,4.015765661,0.2723719842,1.0835149415,1.613063215,1.4320223207,6.4403977613,0.0665903296,0.5311001487,1.2664816682,0.0385547599,0.0982550938,0.0294765281,0.0029476528,0.001,0.0003123593,0.0021037806,0.001,0.001,0.0097892838,0.0065899244,0.0002314697,0.0009520471,0.0022557238,0.0072676529,0.0014778684,0.0032190797,0.002604833,0.0004236546,0.0001566852,0.0001261247,0.0120143066,0.0006903882,0.0028159164,0.0971840736,0.003,0.0070088775,0.0002811225,0.0013286217,0.0059613783,0.00729,0.0059024039,0.0013875961
56000,0.136032363,4.7087463081,-6.17E-026,1.7194280056,1.0864302475,4.0162197278,0.2726414615,1.0886786555,1.5794986163,1.4362901059,6.4380033743,0.0664524656,0.5334648746,1.269567243,0.038508046,0.0986842518,0.0296052755,0.0029605276,0.001,0.0003141783,0.0021108912,0.001,0.001,0.0097792211,0.0065597267,0.0002324725,0.0009564057,0.0022679127,0.0072875073,0.0014843888,0.0032335436,0.0026189555,0.0004201225,0.0001561296,0.0001244871,0.0120811116,0.0006788037,0.0028004818,0.0971995082,0.003,0.0070083425,0.0002816575,0.0013284989,0.0059615011,0.00729,0.0059037654,0.0013862346
57000,0.1438658679,4.6845602016,-8.51E-027,1.7441581322,1.0890277612,4.01663447,0.2728513222,1.093406335,1.5503195263,1.4401305171,6.4356313961,0.0663221794,0.5355990276,1.272271785,0.0384618649,0.0990651341,0.0297195402,0.002971954,0.001,0.0003158512,0.002117431,0.001,0.001,0.0097699742,0.0065319728,0.0002333943,0.0009604144,0.002279086,0.0073057882,0.001490386,0.0032468416,0.0026319333,0.0004168707,0.0001556188,0.0001229815,0.0121424828,0.000668155,0.0027863821,0.0972136079,0.003,0.0070079255,0.0002820745,0.0013283867,0.0059616133,0.00729,0.005905112,0.001384888
58000,0.1521504829,4.6588851937,9.11E-026,1.767108759,1.0913310209,4.0170134642,0.2730127681,1.09773684,1.5248474842,1.4435966219,6.4333103124,0.0661995347,0.5375281373,1.2746484461,0.0384167899,0.0994028383,0.0298208515,0.0029820851,0.001,0.0003173897,0.0021234459,0.001,0.001,0.0097614764,0.0065064628,0.0002342417,0.0009641016,0.0022893305,0.0073226193,0.0014959019,0.0032590679,0.0026438603,0.0004138765,0.0001551492,0.0001215972,0.0121988708,0.0006583659,0.002773496,0.097226494,0.003,0.0070076046,0.0002823954,0.0013282842,0.0059617158,0.00729,0.005906427,0.001383573
59000,0.160912189,4.6316387172,-8.63E-026,1.7883888976,1.0933772221,4.0173599284,0.2731347032,1.1017049052,1.5025397922,1.4467322619,6.4310595533,0.0660844003,0.5392740171,1.2767411072,0.0383731975,0.0997019549,0.0299105865,0.0029910586,0.001,0.0003188046,0.002128978,0.001,0.001,0.0097536665,0.0064830138,0.0002350206,0.0009674929,0.0022987257,0.0073381142,0.0015009753,0.0032703088,0.0026548225,0.0004111194,0.0001547174,0.0001203244,0.0122506862,0.0006493667,0.0027617146,0.0972382754,0.003,0.007007362,0.000282638,0.0013281905,0.0059618095,0.00729,0.0059076993,0.0013823007
60000,0.1701784055,4.602733486,-1.03E-024,1.8081051265,1.095198485,4.0176767768,0.2732244768,1.1053420271,1.4829439744,1.4495749607,6.4288928264,0.06597656,0.5408558178,1.2785872052,0.038331347,0.0999666387,0.0299899916,0.0029989992,0.001,0.0003201059,0.0021340662,0.001,0.001,0.0097464883,0.0064614579,0.0002357367,0.0009706121,0.002307344,0.007352378,0.0015056418,0.003280644,0.0026648987,0.0004085802,0.0001543204,0.0001191541,0.012298306,0.0006410933,0.0027509392,0.0972490508,0.003,0.0070071834,0.0002828166,0.0013281049,0.0059618951,0.00729,0.0059089213,0.0013810787
61000,0.179978234,4.572076711,3.76E-025,1.8263603139,1.0968221344,4.0179666272,0.2732880416,1.1086765495,1.4656876136,1.4521565481,6.4268188232,0.0658757308,0.5422902054,1.2802182743,0.0382913961,0.1002006023,0.0300601807,0.0030060181,0.001,0.0003213027,0.002138746,0.001,0.001,0.0097398905,0.0064416416,0.0002363951,0.0009734811,0.002315251,0.0073655071,0.0015099338,0.0032901462,0.002674161,0.0004062417,0.0001539554,0.000118078,0.012342073,0.0006334871,0.0027410811,0.0972589089,0.003,0.0070070569,0.0002829431,0.0013280265,0.0059619735,0.00729,0.0059100882,0.0013799118
62000,0.1903423473,4.539570475,2.22E-023,1.8432530899,1.0982720096,4.0182318691,0.2733303927,1.111734402,1.4504523929,1.4545049063,6.4248430409,0.0657816022,0.5435920572,1.2816616997,0.0382534404,0.1004072065,0.030122162,0.0030122162,0.001,0.0003224033,0.0021430502,0.001,0.001,0.0097338258,0.0064234235,0.0002370004,0.0009761199,0.0023225069,0.0073775912,0.0015138815,0.0032988826,0.0026826756,0.0004040878,0.0001536197,0.0001170887,0.0123823035,0.000626494,0.0027320593,0.0972679307,0.003,0.0070069726,0.0002830274,0.0013279548,0.0059620452,0.00729,0.0059111973,0.0013788027
63000,0.2013032931,4.5051107523,-2.65E-024,1.8588768127,1.0995685594,4.0184746554,0.2733556315,1.114539054,1.4369702332,1.4566441776,6.4229681951,0.0656938487,0.5447745008,1.2829409062,0.0382175226,0.1005894476,0.0301768343,0.0030176834,0.001,0.0003234155,0.0021470089,0.001,0.001,0.009728251,0.0064066742,0.0002375569,0.000978547,0.0023291662,0.0073887124,0.0015175123,0.0033069147,0.0026905033,0.0004021039,0.0001533112,0.000116179,0.0124192853,0.0006200646,0.0027238008,0.0972761892,0.003,0.0070069224,0.0002830776,0.0013278892,0.0059621108,0.00729,0.0059122473,0.0013777527
64000,0.2128953818,4.4685877798,-8.95E-022,1.8733209423,1.1007296247,4.0186969513,0.2733670981,1.1171119331,1.425017463,1.4585952768,6.4211947451,0.065612113,0.5458491603,1.2840759524,0.0381836373,0.1007500294,0.0302250088,0.0030225009,0.001,0.0003243464,0.0021506498,0.001,0.001,0.0097231261,0.0063912745,0.0002380685,0.0009807794,0.0023352791,0.0073989468,0.0015208519,0.0033142994,0.0026976998,0.0004002765,0.0001530274,0.0001153426,0.012453284,0.0006141532,0.0027162389,0.0972837511,0.003,0.0070068996,0.0002831004,0.0013278291,0.0059621709,0.00729,0.0059132382,0.0013767618
65000,0.2251550034,4.4298850378,-1.70E-021,1.8866698989,1.1017705993,4.0189005347,0.2733674879,1.1194724516,1.4144076667,1.4603763038,6.4195214075,0.0655360257,0.5468262784,1.2850839237,0.0381517448,0.1008913595,0.0302674078,0.0030267408,0.001,0.0003252025,0.0021539984,0.001,0.001,0.0097184148,0.0063771154,0.0002385389,0.0009828326,0.0023408912,0.0074083645,0.0015239234,0.0033210886,0.0027043163,0.0003985932,0.0001527665,0.0001145735,0.0124845419,0.000608718,0.0027093135,0.0972906765,0.003,0.0070068988,0.0002831012,0.0013277741,0.0059622259,0.00729,0.0059141711,0.0013758289
66000,0.2381205494,4.3888795026,-1.75E-020,1.8990025631,1.1027049301,4.0190870179,0.2733590652,1.1216384366,1.4049772836,1.4620034561,6.417946041,0.0654652481,0.5477151398,1.2859798556,0.0381217948,0.1010155991,0.0303046797,0.003030468,0.001,0.0003259898,0.0021570782,0.001,0.001,0.0097140834,0.0063640962,0.0002389714,0.000984721,0.0023460443,0.00741703,0.0015267485,0.0033273304,0.0027103998,0.0003970425,0.0001525266,0.0001138664,0.0125132823,0.0006037206,0.0027029697,0.0972970203,0.003,0.0070069155,0.0002830845,0.0013277237,0.0059622763,0.00729,0.0059150474,0.0013749526
67000,0.2518327031,4.3454407175,-1.37E-019,1.9103905899,1.1035447161,4.0192578785,0.2733440282,1.1236263653,1.3965647555,1.4634923552,6.4164667987,0.0653995096,0.548524458,1.2867779868,0.0380937543,0.101124672,0.0303374016,0.0030337402,0.001,0.0003267139,0.0021599107,0.001,0.001,0.0097101011,0.006352125,0.0002393691,0.0009864578,0.0023507763,0.0074250032,0.0015293468,0.0033330688,0.0027159934,0.0003956139,0.0001523061,0.0001132162,0.012539709,0.0005991256,0.0026971573,0.0973028327,0.003,0.0070069455,0.0002830545,0.0013276776,0.0059623224,0.00729,0.0059158681,0.0013741319
68000,0.2663344202,4.2994308608,2.67E-019,1.9209055762,1.104299945,4.0194144632,0.2733236641,1.1254509397,1.3890657828,1.4648547841,6.415078976,0.0653384226,0.549261327,1.2874887699,0.0380675135,0.101220307,0.0303660921,0.0030366092,0.001,0.0003273798,0.0021625157,0.001,0.001,0.0097064396,0.0063411169,0.0002397347,0.0009880553,0.002355122,0.0074323392,0.0015317365,0.0033383443,0.0027211368,0.0003942978,0.0001521032,0.0001126184,0.01256401,0.0005949006,0.0026918308,0.0973081592,0.003,0.007006986,0.000283014,0.0013276353,0.0059623647,0.00729,0.0059166364,0.0013733636
69000,0.281671185,4.2507039114,3.98E-019,1.9306108596,1.1049799277,4.019557978,0.2732993158,1.1271257701,1.3823711565,1.4661023838,6.4137791926,0.0652816953,0.5499325411,1.2881224414,0.0380430042,0.1013040368,0.030391211,0.0030391211,0.001,0.0003279922,0.0021649115,0.001,0.001,0.0097030728,0.0063309942,0.0002400709,0.0009895245,0.0023591136,0.0074390882,0.0015339344,0.0033431941,0.0027258662,0.0003930853,0.0001519167,0.0001120687,0.0125863572,0.0005910156,0.0026869491,0.0973130409,0.003,0.0070070345,0.0002829655,0.0013275965,0.0059624035,0.00729,0.0059173541,0.0013726459
70000,0.2978910582,4.1991055052,1.16E-016,1.939567472,1.1055925058,4.019689537,0.2732719765,1.1286632677,1.3763932839,1.4672451756,6.4125629306,0.0652290203,0.5505440439,1.2886875309,0.0380201312,0.1013772288,0.0304131686,0.0030413169,0.001,0.0003285554,0.0021671149,0.001,0.001,0.0096999769,0.0063216853,0.0002403799,0.0009908758,0.0023627801,0.007445297,0.0015359559,0.0033476525,0.0027302152,0.0003919682,0.0001517453,0.0001115633,0.0126069087,0.0005874434,0.0026824744,0.0973175156,0.003,0.0070070889,0.0002829111,0.001327561,0.005962439,0.00729,0.0059180241,0.0013719759
71000,0.3150448929,4.1444722438,2.04E-016,1.9478291146,1.1061449227,4.0198101633,0.2732427925,1.1300750699,1.3710320497,1.4682935404,6.4114268412,0.0651801796,0.5511017073,1.2891927778,0.0379988394,0.1014411058,0.0304323318,0.0030432332,0.001,0.0003290733,0.0021691413,0.001,0.001,0.0096971299,0.0063131245,0.0002406641,0.0009921186,0.002366148,0.0074510089,0.001537815,0.0033517509,0.0027342144,0.000390939,0.0001515876,0.0001110985,0.0126258095,0.0005841585,0.002678372,0.097321618,0.003,0.007007147,0.000282853,0.0013275284,0.0059624716,0.00729,0.0059186479,0.0013713521
72000,0.3331868017,4.0866301761,-3.71E-014,1.9554496862,1.1066431007,4.0199207611,0.2732121199,1.1313712429,1.3662415495,1.4692543094,6.4103655213,0.0651348396,0.5516099225,1.2896436286,0.0379790081,0.10149674,0.030449022,0.0030449022,0.001,0.0003295495,0.0021710047,0.001,0.001,0.0096945118,0.006305252,0.0002409254,0.0009932615,0.0023692419,0.0074562628,0.0015395247,0.0033555181,0.0027378917,0.0003899907,0.0001514426,0.0001106712,0.0126431917,0.0005811382,0.0026746113,0.0973253787,0.003,0.007007208,0.000282792,0.0013274985,0.0059625015,0.00729,0.005919229,0.001370771
73000,0.3523737276,4.0253961977,2.35E-014,1.962475801,1.1070928056,4.0200221743,0.2731807356,1.1325615131,1.3619468182,1.470135775,6.409375411,0.0650927921,0.5520734187,1.2900467839,0.0379605753,0.1015450966,0.030463529,0.0030463529,0.001,0.0003299875,0.0021727182,0.001,0.001,0.0096921039,0.0062980123,0.0002411657,0.0009943125,0.0023720841,0.0074610953,0.001541097,0.0033589805,0.0027412732,0.000389117,0.0001513093,0.0001102783,0.0126591777,0.000578361,0.0026711635,0.0973288265,0.003,0.0070072704,0.0002827296,0.0013274711,0.0059625289,0.00729,0.0059197692,0.0013702308
74000,0.3726656428,3.9605774058,1.12E-013,1.9689528642,1.1074986521,4.0201151802,0.2731490795,1.1336547363,1.3580934918,1.4709447147,6.4084519171,0.0650538086,0.5524962596,1.2904074612,0.0379434546,0.1015870446,0.0304761134,0.0030476113,0.001,0.0003303902,0.002174294,0.001,0.001,0.0096898892,0.006291354,0.0002413865,0.0009952791,0.002374695,0.0074655405,0.001542543,0.0033621629,0.0027443828,0.000388312,0.0001511867,0.0001099171,0.0126738808,0.0005758073,0.0026680022,0.0973319878,0.003,0.0070073334,0.0002826666,0.001327446,0.005962554,0.00729,0.0059202711,0.0013697289
75000,0.394126035,3.8919695335,-5.47E-012,1.9749226748,1.1078653582,4.0202005115,0.2731175063,1.1346586562,1.3546385235,1.4716871802,6.4075911221,0.0650176396,0.5528820529,1.2907302717,0.0379275583,0.101623351,0.0304870053,0.0030487005,0.001,0.0003307605,0.002175743,0.001,0.001,0.0096878518,0.0062852299,0.0002415896,0.000996168,0.0023770939,0.0074696291,0.0015438727,0.0033650877,0.0027472425,0.0003875703,0.000151074,0.0001095849,0.0126874047,0.0005734589,0.0026651024,0.0973348876,0.003,0.0070073962,0.0002826038,0.001327423,0.005962577,0.00729,0.0059207372,0.0013692628
76000,0.4168222283,3.8193559062,7.09E-011,1.9804197574,1.108196348,4.0202783573,0.2730863509,1.1355847744,1.3515319788,1.4723678688,6.4067889162,0.0649841315,0.553233632,1.2910186525,0.0379129422,0.101654694,0.0304964082,0.0030496408,0.001,0.000331101,0.0021770754,0.001,0.001,0.0096859774,0.006279597,0.0002417763,0.0009969855,0.0023792973,0.0074733902,0.0015450956,0.0033677757,0.0027498723,0.0003868868,0.0001509703,0.0001092794,0.0126998442,0.0005712994,0.0026624625,0.0973375275,0.003,0.0070074582,0.0002825418,0.0013274019,0.0059625981,0.00729,0.0059211658,0.0013688342
77000,0.4408253836,3.7425074437,3.76E-011,1.9854864809,1.1084957671,4.0203501918,0.2730559297,1.136431075,1.3487397738,1.4729944009,6.4060416984,0.0649530376,0.5535552962,1.2912783466,0.0378992613,0.1016816719,0.0305045016,0.0030504502,0.001,0.0003314141,0.0021783007,0.001,0.001,0.0096842526,0.0062744156,0.000241948,0.0009977372,0.0023813223,0.0074768488,0.0015462201,0.0033702458,0.0027522908,0.0003862569,0.000150875,0.0001089985,0.0127112863,0.0005693134,0.0026600183,0.0973399717,0.003,0.0070075187,0.0002824813,0.0013273825,0.0059626175,0.00729,0.005921567,0.001368433
78000,0.4662105406,3.6611825279,-5.30E-012,1.990152263,1.1087661481,4.0204162485,0.2730262942,1.1372082406,1.3462319307,1.4735697919,6.4053453301,0.0649241919,0.5538490121,1.2915112097,0.0378865852,0.1017048183,0.0305114455,0.0030511445,0.001,0.0003317021,0.0021794272,0.001,0.001,0.0096826652,0.0062696491,0.0002421058,0.0009984285,0.0023831827,0.0074800298,0.0015472542,0.0033725154,0.0027545149,0.0003856764,0.0001507873,0.0001087401,0.0127218114,0.000567487,0.0026577748,0.0973422152,0.003,0.0070075777,0.0002824223,0.0013273647,0.0059626353,0.00729,0.0059219388,0.0013680612
79000,0.4930572697,3.5751248999,1.07E-011,1.9944450164,1.1090098194,4.0204766695,0.2729975573,1.1379251541,1.3439774158,1.4740973372,6.4046960143,0.0648974499,0.554116811,1.2917193691,0.0378749476,0.1017246022,0.0305173807,0.0030517381,0.001,0.0003319669,0.0021804631,0.001,0.001,0.0096812039,0.0062652642,0.0002422509,0.0009990642,0.0023848911,0.0074829559,0.0015482051,0.0033746005,0.0027565603,0.0003851415,0.0001507067,0.0001085025,0.0127314928,0.0005658073,0.002655732,0.097344258,0.003,0.0070076348,0.0002823652,0.0013273484,0.0059626516,0.00729,0.0059222802,0.0013677198
80000,0.5214497121,3.4840635364,-7.65E-011,1.9983979596,1.1092299065,4.0205323949,0.2729700127,1.1385798502,1.3419462214,1.4745833806,6.4040907895,0.0648726269,0.5543621638,1.2919075483,0.0378640662,0.1017414385,0.0305224316,0.0030522432,0.001,0.0003322103,0.0021814154,0.001,0.001,0.0096798585,0.0062612301,0.0002423843,0.0009996487,0.002386461,0.0074856463,0.0015490794,0.0033765158,0.0027584412,0.0003846485,0.0001506325,0.000108284,0.012740398,0.0005642625,0.0026538374,0.0973461526,0.003,0.0070076896,0.0002823104,0.0013273333,0.0059626667,0.00729,0.0059225994,0.0013674006
81000,0.5514768437,3.3877117884,-2.63E-011,2.0020265766,1.1094276745,4.0205830318,0.2729434465,1.1391878729,1.3401232718,1.4750275214,6.4035258312,0.0648495964,0.5545851817,1.2920747372,0.0378542292,0.1017556952,0.0305267085,0.0030526709,0.001,0.0003324341,0.0021822908,0.001,0.001,0.0096786193,0.0062575183,0.0002425069,0.0010001861,0.0023879017,0.0074881213,0.0015498832,0.0033782748,0.0027601707,0.0003841942,0.0001505642,0.000108083,0.0127485889,0.0005628417,0.0026521321,0.0973478579,0.003,0.0070077424,0.0002822576,0.0013273197,0.0059626803,0.00729,0.005922888,0.001367112
82000,0.5832327536,3.2857664833,-1.29E-010,2.0053664031,1.1096058535,4.0206299437,0.2729182542,1.1397407434,1.3384778516,1.4754375896,6.4029983669,0.0648281972,0.5547900682,1.292226911,0.0378449728,0.1017676959,0.0305303088,0.0030530309,0.001,0.0003326399,0.0021830954,0.001,0.001,0.0096774775,0.0062541029,0.0002426196,0.0010006801,0.0023892254,0.0074903964,0.0015506222,0.0033798897,0.0027617611,0.0003837754,0.0001505014,0.0001078982,0.0127561225,0.000561535,0.0026505383,0.0973494517,0.003,0.0070077925,0.0002822075,0.001327307,0.005962693,0.00729,0.0059231596,0.0013668404
83000,0.6168169355,3.1779069963,-8.39E-011,2.0084256096,1.1097651337,4.0206724559,0.2728941155,1.1402559931,1.337002016,1.4758116061,6.4025047763,0.0648083181,0.5549760634,1.2923617853,0.0378366849,0.1017777277,0.0305333183,0.0030533318,0.001,0.000332829,0.0021838349,0.001,0.001,0.0096764252,0.0062509599,0.0002427232,0.0010011343,0.0023904394,0.0074924894,0.0015513015,0.0033813719,0.0027632233,0.0003833895,0.0001504437,0.0001077281,0.0127630512,0.0005603332,0.0026491127,0.0973508773,0.003,0.0070078405,0.0002821595,0.0013272955,0.0059627045,0.00729,0.0059234029,0.0013665971
84000,0.6523348739,3.0637933376,5.18E-011,2.0112255076,1.109906979,4.0207106622,0.2728711283,1.140735226,1.335677805,1.4761530337,6.4020419809,0.0647898278,0.5551451421,1.2924817295,0.037829248,0.1017860421,0.0305358126,0.0030535813,0.001,0.0003330029,0.0021845144,0.001,0.001,0.0096754546,0.0062480673,0.0002428184,0.0010015517,0.0023915525,0.0074944147,0.0015519259,0.0033827317,0.0027645675,0.0003830338,0.0001503905,0.0001075716,0.0127694227,0.0005592278,0.0026478327,0.0973521573,0.003,0.0070078862,0.0002821138,0.0013272852,0.0059627148,0.00729,0.0059236211,0.0013663789
85000,0.6898975526,2.9430677518,1.20E-011,2.0137950662,1.1100334327,4.0207462472,0.272849603,1.1411696314,1.3344807647,1.4764685834,6.4016073974,0.0647725895,0.5553008791,1.2925918504,0.0378222457,0.1017928615,0.0305378585,0.0030537858,0.001,0.0003331626,0.0021851387,0.001,0.001,0.009674559,0.0062454046,0.0002429058,0.0010019353,0.0023925741,0.007496184,0.0015524996,0.0033839785,0.0027658032,0.0003827059,0.0001503416,0.0001074277,0.0127752814,0.0005582111,0.0026466291,0.0973533609,0.003,0.0070079289,0.0002820711,0.0013272756,0.0059627244,0.00729,0.0059238267,0.0013661733
86000,0.729622452,2.8153514888,-7.82E-011,2.0161440563,1.1101450254,4.0207792279,0.2728293892,1.1415680561,1.3334023878,1.4767583391,6.4011977003,0.0647564952,0.5554435131,1.2926917309,0.0378158323,0.1017983802,0.030539514,0.0030539514,0.001,0.0003333095,0.002185712,0.001,0.001,0.0096737316,0.0062429531,0.0002429862,0.0010022877,0.0023935105,0.0074978105,0.0015530266,0.0033851209,0.0027669388,0.0003824036,0.0001502965,0.0001072952,0.0127806676,0.0005572758,0.0026455226,0.0973544674,0.003,0.0070079691,0.0002820309,0.0013272667,0.0059627333,0.00729,0.0059240149,0.0013659851
87000,0.7716339288,2.6802435743,2.61E-011,2.0182746834,1.1102415805,4.0208085962,0.2728102098,1.1419450214,1.3324402764,1.4770201492,6.4008091556,0.0647414437,0.5555721685,1.2927791686,0.037810346,0.1018027679,0.0305408304,0.003054083,0.001,0.0003334443,0.0021862383,0.001,0.001,0.0096729664,0.0062406953,0.00024306,0.0010026114,0.0023943663,0.0074993074,0.0015535107,0.0033861668,0.0027679823,0.000382125,0.0001502551,0.0001071732,0.0127856185,0.0005564155,0.0026445619,0.0973554281,0.003,0.0070080072,0.0002819928,0.0013272588,0.0059627412,0.00729,0.005924176,0.001365824
88000,0.8160634542,2.5373200349,9.41E-012,2.0202112767,1.1103244147,4.0208353704,0.2727924451,1.1422894871,1.3315731404,1.4772607191,6.4004387489,0.0647272961,0.5556904303,1.2928595235,0.0378053309,0.1018061721,0.0305418516,0.0030541852,0.001,0.0003335682,0.0021867212,0.001,0.001,0.0096722577,0.0062386153,0.0002431277,0.0010029086,0.002395149,0.0075006831,0.0015539552,0.0033871232,0.0027689408,0.0003818681,0.0001502168,0.0001070609,0.0127901677,0.0005556239,0.002643671,0.097356319,0.003,0.0070080425,0.0002819575,0.0013272515,0.0059627485,0.00729,0.0059243232,0.0013656768
89000,0.8630500058,2.3861326203,3.98E-011,2.0219547678,1.1103930411,4.020859573,0.2727758832,1.1426115121,1.330798095,1.4774787054,6.4000823025,0.0647139432,0.5557978463,1.2929314436,0.0378010352,0.1018087202,0.0305426161,0.0030542616,0.001,0.0003336819,0.002187164,0.001,0.001,0.0096716001,0.0062366983,0.0002431898,0.0010031813,0.0023958626,0.0075019485,0.001554363,0.0033879962,0.0027698208,0.0003816312,0.0001501816,0.0001069574,0.0127943462,0.0005548957,0.0026428839,0.0973571061,0.003,0.0070080755,0.0002819245,0.001327245,0.005962755,0.00729,0.0059244493,0.0013655507
90000,0.9127404737,2.2262074813,-4.72E-011,2.0235170281,1.1104474342,4.0208818516,0.2727607488,1.1429069269,1.3301021069,1.4776777895,6.3997353649,0.0647012383,0.555896554,1.2929980389,0.0377972536,0.1018105201,0.030543156,0.0030543156,0.001,0.0003337862,0.0021875696,0.001,0.001,0.0096709882,0.0062349304,0.0002432468,0.0010034314,0.002396512,0.0075031118,0.0015547369,0.0033887914,0.0027706284,0.0003814127,0.0001501491,0.0001068621,0.0127981819,0.0005542255,0.002642162,0.097357828,0.003,0.0070081055,0.0002818945,0.001327239,0.005962761,0.00729,0.0059245603,0.0013654397
91000,0.9652901047,2.0570436996,1.25E-010,2.0248810753,1.1104852112,4.0209005819,0.2727466462,1.1431959877,1.329492343,1.4778524982,6.3993914275,0.0646890499,0.555984148,1.2930549564,0.0377945929,0.1018116643,0.0305434993,0.0030543499,0.001,0.0003338819,0.0021879407,0.001,0.001,0.0096704168,0.0062332987,0.0002432989,0.0010036605,0.0023970981,0.0075041839,0.0015550795,0.0033895133,0.0027713688,0.0003812112,0.0001501191,0.0001067741,0.0128017002,0.0005536087,0.0026415909,0.0973583991,0.003,0.0070081335,0.0002818665,0.0013272339,0.0059627661,0.00729,0.0059246384,0.0013653616
92000,1.0208633631,1.8781104643,-2.23E-010,2.026075207,1.1105064518,4.0209191488,0.2727345578,1.1434468273,1.3289372747,1.4780155504,6.3990436177,0.0646771263,0.5560675475,1.2931135774,0.0377920405,0.1018122219,0.0305436666,0.0030543667,0.001,0.0003339695,0.0021882795,0.001,0.001,0.0096698805,0.0062317908,0.0002433466,0.0010038701,0.0023976275,0.0075051681,0.0015553927,0.0033901657,0.0027720468,0.0003810252,0.0001500913,0.0001066929,0.0128049231,0.0005530409,0.0026410007,0.0973589893,0.003,0.0070081576,0.0002818424,0.0013272289,0.0059627711,0.00729,0.0059247134,0.0013652866
93000,1.0796297881,1.6888604398,9.41E-011,2.02702962,1.1105036395,4.0209328756,0.2727232451,1.1437175238,1.3284754686,1.4781471029,6.3986788812,0.064665285,0.5561374483,1.2931584556,0.0377914961,0.1018122566,0.030543677,0.0030543677,0.001,0.0003340495,0.0021885881,0.001,0.001,0.0096693737,0.006230395,0.0002433901,0.0010040615,0.0023980935,0.0075060807,0.0015556787,0.0033907513,0.0027726667,0.0003808535,0.0001500655,0.0001066177,0.0128078714,0.0005525178,0.0026406685,0.0973593215,0.003,0.00700818,0.00028182,0.0013272252,0.0059627748,0.00729,0.0059247294,0.0013652706
94000,1.1417738059,1.4886977967,-1.24E-011,2.0277563138,1.1104725687,4.0209439407,0.2727142996,1.1439658245,1.3280705261,1.4782624878,6.3982801813,0.0646530348,0.5562028292,1.2932051948,0.0377917436,0.1018117996,0.0305435399,0.003054354,0.001,0.0003341226,0.0021888679,0.001,0.001,0.0096688898,0.0062290997,0.0002434297,0.0010042357,0.0023984999,0.0075069237,0.0015559388,0.003391271,0.0027732318,0.0003806949,0.0001500416,0.0001065481,0.0128105609,0.0005520357,0.0026403738,0.0973596162,0.003,0.0070081978,0.0002818022,0.0013272222,0.0059627778,0.00729,0.0059247221,0.0013652779
95000,1.2074888058,1.2769971513,2.15E-012,2.0281585026,1.1103982017,4.0209516753,0.2727075846,1.1442250185,1.3277473594,1.4783481169,6.39781526,0.0646397371,0.5562589091,1.2932472614,0.0377942031,0.1018108482,0.0305432544,0.0030543254,0.001,0.0003341889,0.0021891196,0.001,0.001,0.0096684203,0.0062278926,0.0002434655,0.0010043933,0.0023988359,0.0075077115,0.0015561741,0.0033917228,0.0027737445,0.0003805483,0.0001500192,0.0001064832,0.0128130024,0.000551591,0.0026402832,0.0973597068,0.003,0.0070082112,0.0002817888,0.0013272201,0.0059627799,0.00729,0.0059246499,0.0013653501
96000,1.2769767478,1.0531042442,-5.95E-012,2.0280891238,1.110253212,4.020953854,0.272704375,1.144506705,1.3275192517,1.4783953165,6.3972219946,0.0646240597,0.5563055111,1.2932877638,0.0377999936,0.1018093526,0.0305428058,0.0030542806,0.001,0.0003342486,0.0021893429,0.001,0.001,0.0096679527,0.0062267595,0.0002434975,0.0010045344,0.0023990834,0.0075084604,0.0015563846,0.0033921004,0.0027742057,0.0003804125,0.000149998,0.0001064224,0.0128152004,0.0005511802,0.0026404609,0.0973595291,0.003,0.0070082175,0.0002817825,0.0013272195,0.0059627805,0.00729,0.0059244799,0.0013655201
97000,1.3504470775,0.8163380252,-3.76E-012,2.0271849551,1.1099730119,4.0209466712,0.2727072406,1.1448519232,1.3274343604,1.4783769234,6.3963582615,0.0646030165,0.5563385593,1.2933283632,0.0378122584,0.1018071651,0.0305421495,0.003054215,0.001,0.0003343015,0.0021895353,0.001,0.001,0.0096674661,0.0062256814,0.0002435255,0.0010046583,0.0023991959,0.0075092059,0.001556569,0.0033923879,0.0027746135,0.0003802862,0.0001499777,0.0001063646,0.012817146,0.0005507992,0.0026411424,0.0973588476,0.003,0.0070082118,0.0002817882,0.0013272215,0.0059627785,0.00729,0.0059241198,0.0013658802
98000,1.428112905,0.5659991649,-1.55E-011,2.0244024525,1.1093715372,4.0209190992,0.272723737,1.1453705015,1.3276314097,1.4782147249,6.3948168576,0.064568064,0.5563462913,1.2933745436,0.0378399816,0.1018039057,0.0305411717,0.0030541172,0.001,0.0003343467,0.0021896894,0.001,0.001,0.0096669188,0.0062246263,0.0002435487,0.0010047617,0.0023990376,0.0075100498,0.0015567223,0.0033925466,0.0027749592,0.000380168,0.0001499574,0.0001063082,0.0128187997,0.0005504434,0.0026429909,0.0973569991,0.003,0.0070081791,0.0002818209,0.0013272289,0.0059627711,0.00729,0.0059233061,0.0013666939
99000,1.5101679326,0.3014230707,-2.53E-012,2.014736239,1.1075517616,4.0208202996,0.2727901443,1.1465931323,1.3287817297,1.4775249993,6.3906367601,0.0644781275,0.5562688518,1.293448884,0.0379270513,0.1017982034,0.030539461,0.0030539461,0.001,0.0003343799,0.0021897765,0.001,0.001,0.009666177,0.0062235046,0.0002435639,0.0010048317,0.0023979598,0.0075115115,0.0015568243,0.0033924412,0.0027752073,0.0003800548,0.0001499351,0.0001062485,0.0128199946,0.0005501033,0.0026492713,0.0973507187,0.003,0.0070080471,0.0002819529,0.0013272556,0.0059627444,0.00729,0.0059207521,0.0013692479
99000,0.0005,3,3,2.014736239,1.1075517616,4.0208202996,0.2727901443,1.1465931323,1.3287817297,1.4775249993,6.3906367601,0.0644781275,0.5562688518,1.293448884,0.0379270513,0.1017982034,0.030539461,0.0030539461,0.001,0.0003343799,0.0021897765,0.001,0.001,0.009666177,0.0062235046,0.0002435639,0.0010048317,0.0023979598,0.0075115115,0.0015568243,0.0033924412,0.0027752073,0.0003800548,0.0001499351,0.0001062485,0.0128199946,0.0005501033,0.0026492713,0.0973507187,0.003,0.0070080471,0.0002819529,0.0013272556,0.0059627444,0.00729,0.0059207521,0.0013692479
100000,0.000598579,2.9999816667,2.9998102217,0.4362175554,0.2155153916,0.1818245841,9.393214222,2.0081014611,1.11E-009,0.0012910157,2.7064724062,0.0182609003,0.2073545407,9.7150168953,1.9476607672,0.0832669895,0.0249800969,0.0024980097,0.001,0.0002774953,0.0019604876,0.001,0.001,0.0099833866,0.0072118751,0.0002054599,0.0008668573,0.0086470267,2.53E-005,0.001349977,0.0029433804,0.0022876731,0.0005267384,0.0001786023,0.000157243,0.0105125472,0.0009450753,0.0968462689,0.0031537211,0.003,0.0001496807,0.0071403193,0.0060590649,0.0012309351,0.00729,0.0005661709,0.0067238291
101000,0.0007165937,2.9999741445,2.9995791524,0.439343691,0.2235444929,0.1850769821,8.533254391,1.9545914577,1.73E-009,0.0013489318,2.8165962875,0.0209638921,0.2060709177,8.4664182144,1.6257718058,0.0682284169,0.0204685251,0.0020468525,0.001,0.0002310661,0.0017742503,0.001,0.001,0.0102408703,0.0080136996,0.0001754669,0.0007545443,0.0076575271,4.33E-005,0.0011816461,0.002578632,0.0018942001,0.0006409371,0.0001980066,0.0001986632,0.0086427446,0.0012624942,0.0967890935,0.0032108965,0.003,0.000180585,0.007109415,0.0060408194,0.0012491806,0.00729,0.0006679947,0.0066220053
102000,0.0008578761,2.9999778104,2.9992988881,0.443066183,0.2287164412,0.1882749489,8.01500643,1.9264802467,2.32E-009,0.0013991586,2.9136640719,0.023702074,0.2058630153,7.7070940072,1.4001984917,0.0560709268,0.016821278,0.0016821278,0.001,0.0001935413,0.0016248906,0.001,0.001,0.0104513391,0.0086614118,0.000152294,0.0006640998,0.0068867094,6.65E-005,0.0010461561,0.0022823666,0.0015802046,0.0007285605,0.0002114178,0.0002323065,0.0071405517,0.0015150274,0.0967328596,0.0032671304,0.003,0.0002040178,0.0070859822,0.0060229861,0.0012670139,0.00729,0.0007643289,0.0065256711
103000,0.0010270132,2.9999934311,2.9989594587,0.4453825454,0.2313631274,0.1910234474,7.6680112638,1.9108094526,2.87E-009,0.0014398296,2.9976392941,0.0264483249,0.206099389,7.2028356952,1.2440179783,0.0462422645,0.0138726793,0.0013872679,0.001,0.0001632329,0.0015052859,0.001,0.001,0.0106235611,0.0091847765,0.0001343559,0.0005913398,0.0062865218,9.02E-005,0.0009372167,0.0020417252,0.0013294391,0.0007952683,0.0002209102,0.0002596333,0.0059331057,0.001716151,0.0966845115,0.0033154785,0.003,0.0002223239,0.0070676761,0.0060077433,0.0012822567,0.00729,0.0008490948,0.0064409052
104000,0.001229497,3.0000223238,2.9985492166,0.4458709201,0.2318894626,0.1932861955,7.4207836813,1.9019972826,3.35E-009,0.0014702626,3.0685802755,0.0291398237,0.2065179179,6.8492321675,1.1357972512,0.0382963725,0.0114889118,0.0011488912,0.001,0.0001387595,0.0014095598,0.001,0.001,0.010764523,0.0096077211,0.0001204652,0.0005328274,0.0058192416,0.0001128676,0.0008496579,0.0018462649,0.0011291088,0.0008457837,0.000227694,0.0002818294,0.0049623704,0.0018764055,0.0966446945,0.0033552955,0.003,0.0002368963,0.0070531037,0.005995252,0.001294748,0.00729,0.0009198044,0.0063701956
105000,0.0014719022,3.0000663902,2.9980543168,0.4448500545,0.2308195475,0.195119295,7.2376551278,1.8971970442,3.76E-009,0.0014951796,3.1273652272,0.0317120168,0.2069910871,6.5921732633,1.0600975766,0.0318725447,0.0095617634,0.0009561763,0.001,0.0001189996,0.0013329584,0.001,0.001,0.010879894,0.0099495327,0.0001097152,0.0004857775,0.0054424634,0.0001470723,0.000779291,0.0016875029,0.000969062,0.0008839116,0.0002325525,0.0002998581,0.0041818943,0.0020041121,0.0966124287,0.0033875613,0.003,0.000248622,0.007041378,0.0059851706,0.0013048294,0.00729,0.0009766863,0.0063133137
106000,0.0017621203,3.0001281336,2.9974581688,0.4428209928,0.2286842628,0.1965964817,7.098533178,1.8948272674,4.11E-009,0.0015062063,3.1753587707,0.0341112494,0.2074575453,6.4005329332,1.0065042514,0.0266786651,0.0080035995,0.00080036,0.001,0.0001030447,0.0012716581,0.001,0.001,0.0109743129,0.0102258015,0.0001014055,0.0004479416,0.0051694367,0.000156537,0.0007227361,0.0015585386,0.0008411999,0.000912638,0.0002360226,0.000314503,0.0035543506,0.0021058837,0.0965864215,0.0034135685,0.003,0.0002581144,0.0070318856,0.0059770713,0.0013129287,0.00729,0.0010214052,0.0062685948
107000,0.0021095634,3.0002106746,2.9967409874,0.4402292891,0.2259424437,0.197785215,6.9910356974,1.8939578157,4.39E-009,0.0015128159,3.214076143,0.0362989618,0.2078892283,6.2550899814,0.9681420667,0.0224802648,0.0067440795,0.0006744079,0.001,9.02E-005,0.0012226193,0.001,0.001,0.0110515524,0.0104490293,9.50E-005,0.0004175242,0.0049525412,0.0001712046,0.0006772954,0.0014538077,0.0007391031,0.0009342451,0.0002384811,0.0003263961,0.0030499634,0.0021869448,0.0965654888,0.0034345012,0.003,0.0002658217,0.0070241783,0.0059705694,0.0013194306,0.00729,0.001056017,0.006233983
108000,0.0025254984,3.0003178233,2.9958790799,0.4374132388,0.2229503003,0.198742868,6.9069366786,1.8940077934,4.61E-009,0.0015143876,3.2450488516,0.0382547651,0.2082752165,6.1431750899,0.9403871659,0.0190855239,0.0057256572,0.0005725657,0.001,7.98E-005,0.0011833796,0.001,0.001,0.0111147408,0.0106294403,9.01E-005,0.0003930638,0.0047862406,0.000182702,0.0006407747,0.0013687365,0.0006575768,0.0009504966,0.0002402038,0.0003360566,0.0026444973,0.0022515113,0.0965486227,0.0034513673,0.003,0.0002720914,0.0070179086,0.0059653418,0.0013246582,0.00729,0.0010825563,0.0062074437
109000,0.0030234386,3.0004541942,2.9948440175,0.4345924681,0.2199588334,0.1995157036,6.8405739217,1.8946135633,4.78E-009,0.0015124455,3.2696810791,0.0399737384,0.2086136148,6.0561901401,0.9201491835,0.0163404869,0.0049021461,0.0004902146,0.001,7.14E-005,0.0011519836,0.001,0.001,0.0111664259,0.0107752406,8.63E-005,0.0003733944,0.0046592978,0.000191538,0.0006114238,0.0012996355,0.0005924964,0.0009627158,0.0002413902,0.0003439036,0.0023185963,0.0023029217,0.0965350098,0.0034649802,0.003,0.0002771945,0.0070128055,0.0059611296,0.0013288704,0.00729,0.0011027643,0.0061872357
110000,0.0036195545,3.0006253307,2.9936017688,0.4319013305,0.2171297679,0.2001406757,6.7878721037,1.8955395064,4.91E-009,0.001508253,3.2892032608,0.0414628446,0.2089067114,5.9880576852,0.90530783,0.0141207183,0.0042362155,0.0004236215,0.001,6.46E-005,0.0011268668,0.001,0.001,0.011208696,0.0108930634,8.34E-005,0.0003575785,0.0045628737,0.0001982025,0.0005878366,0.0012435077,0.0005405621,0.000971902,0.0002421868,0.0003502773,0.0020566869,0.0023438407,0.0965240003,0.0034759897,0.003,0.0002813485,0.0070086515,0.0059577278,0.0013322722,0.00729,0.0011180753,0.0061719247
111000,0.0043332049,3.0008378789,2.9921115809,0.4294160165,0.2145546332,0.2006471992,6.7458364446,1.8966299527,5.02E-009,0.0015029622,3.304656708,0.0427374447,0.2091583581,5.9343952082,0.8943605702,0.0123255994,0.0036976798,0.000369768,0.001,5.91E-005,0.0011067765,0.001,0.001,0.0112432627,0.0109882738,8.12E-005,0.0003448618,0.0044893238,0.0002038408,0.0005688825,0.0011979178,0.0004991321,0.0009788087,0.0002427018,0.0003554544,0.0018462328,0.0023763961,0.0965150766,0.0034849134,0.003,0.0002847289,0.0070052711,0.0059549735,0.0013350265,0.00729,0.0011296238,0.0061603762
112000,0.0051875599,3.0010998034,2.9903246671,0.4271712185,0.2122737215,0.2010585741,6.7121827496,1.8977846627,5.09E-009,0.0014966767,3.3168921457,0.0438178133,0.2093734211,5.8919246083,0.8862763082,0.0108737874,0.0032621362,0.0003262136,0.001,5.47E-005,0.0010907098,0.001,0.001,0.011271528,0.0110652095,7.95E-005,0.0003346379,0.0044356377,0.0002064104,0.0005536528,0.001160887,0.0004660927,0.0009840031,0.0002430153,0.0003596596,0.0016771456,0.0024022869,0.0965078287,0.0034921613,0.003,0.0002874786,0.0070025214,0.0059527384,0.0013372616,0.00729,0.0011383177,0.0061516823
113000,0.0062103665,3.0014206279,2.9881825944,0.4251768861,0.2102947382,0.2013933368,6.6851639086,1.8989376709,5.16E-009,0.0014913601,3.3265901786,0.0447261452,0.2095564956,5.8581844755,0.8802976913,0.0096995633,0.002909869,0.0002909869,0.001,5.11E-005,0.0010778641,0.001,0.001,0.0112946394,0.0111273757,7.82E-005,0.000326419,0.0043916353,0.0002121707,0.0005414173,0.0011308087,0.0004397541,0.0009879108,0.0002431863,0.0003630752,0.0015413134,0.0024228683,0.0965019303,0.0034980597,0.003,0.0002897139,0.0070002861,0.0059509209,0.0013390791,0.00729,0.0011448471,0.0061451529
114000,0.007434831,3.0018117502,2.9856154239,0.4234287455,0.2086044622,0.2016662796,6.6634469557,1.9000462254,5.19E-009,0.0014817734,3.3343040113,0.0454848909,0.2097116809,5.8313309616,0.8758567358,0.0087497835,0.0026249351,0.0002624935,0.001,4.83E-005,0.0010675963,0.001,0.001,0.0113135361,0.0111776067,7.73E-005,0.0003198128,0.0043766647,0.0001987338,0.0005315886,0.0011063774,0.0004187644,0.0009908519,0.0002432584,0.0003658496,0.0014322083,0.0024392219,0.096497121,0.003502869,0.003,0.00029153,0.00699847,0.0059494398,0.0013405602,0.00729,0.0011497355,0.0061402645
115000,0.0089008604,3.0022868877,2.9825390982,0.4219117938,0.2071779932,0.2018892033,6.6459539509,1.9010855231,5.23E-009,0.0014798161,3.3404574275,0.0461154099,0.2098429553,5.8098960732,0.8725593269,0.0079813886,0.0023944166,0.0002394417,0.001,4.59E-005,0.0010593906,0.001,0.001,0.0113289887,0.0112181987,7.65E-005,0.0003145028,0.0043402287,0.0002142407,0.0005236934,0.0010865303,0.0004020405,0.0009930677,0.0002432633,0.0003681034,0.0013445686,0.0024522124,0.0964931928,0.0035067972,0.003,0.0002930048,0.0069969952,0.0059482307,0.0013417693,0.00729,0.0011533927,0.0061366073
116000,0.0106569369,3.0028626927,2.9788514897,0.4206063084,0.2059849198,0.2020716333,6.6318466187,1.902041783,5.26E-009,0.0014749675,3.3453889504,0.0466374035,0.2099537771,5.7927567629,0.8701066489,0.0073593683,0.0022078105,0.000220781,0.001,4.41E-005,0.0010528312,0.001,0.001,0.0113416311,0.0112510185,7.60E-005,0.000310233,0.0043236555,0.0002155362,0.000517349,0.0010703989,0.0003887121,0.0009947396,0.0002432244,0.0003699352,0.0012741395,0.002462533,0.0964899781,0.0035100119,0.003,0.0002942023,0.0069957977,0.0059472415,0.0013427585,0.00729,0.0011561283,0.0061338717
117000,0.0127588334,3.0035583206,2.97443511,0.4194909312,0.2049961406,0.2022209262,6.6204763368,1.9029094374,5.27E-009,0.0014706896,3.3493486105,0.0470674352,0.2100470729,5.7790553714,0.8682875461,0.0068565715,0.0020569715,0.0002056971,0.001,4.25E-005,0.0010475989,0.001,0.001,0.0113519606,0.011277513,7.56E-005,0.0003068059,0.0043116581,0.0002165583,0.0005122601,0.0010573065,0.0003781123,0.0009959986,0.0002431578,0.000371422,0.0012176394,0.0024707136,0.0964873473,0.0035126427,0.003,0.0002951728,0.0069948272,0.0059464323,0.0013435677,0.00729,0.0011581657,0.0061318343
118000,0.015275175,3.0043973436,2.969145391,0.4185438476,0.2041817335,0.2023432464,6.6113078931,1.9036876487,5.29E-009,0.0014669415,3.3525393743,0.0474206915,0.2101254636,5.7680932178,0.8669383527,0.006450151,0.0019350453,0.0001935045,0.001,4.13E-005,0.0010434275,0.001,0.001,0.0113604002,0.0112988995,7.53E-005,0.000304056,0.0043031249,0.0002173383,0.0005081796,0.0010466815,0.0003696865,0.0009969474,0.0002430755,0.0003726285,0.0011723223,0.0024771941,0.0964851917,0.0035147983,0.003,0.0002959588,0.0069940412,0.0059457695,0.0013442305,0.00729,0.0011596814,0.0061303186
119000,0.0182880287,3.0054079512,2.962809445,0.4177439191,0.2035137583,0.2024436552,6.6039065618,1.9043789084,5.30E-009,0.0014636956,3.355122297,0.0477104379,0.2101912372,5.7593094051,0.8659351146,0.0061213377,0.0018364013,0.0001836401,0.001,4.03E-005,0.0010401001,0.001,0.001,0.0113673009,0.0113161772,7.51E-005,0.0003018479,0.0042971294,0.0002179606,0.0005049054,0.001038052,0.0003629845,0.0009976645,0.0002429862,0.0003736085,0.001135945,0.0024823305,0.0964834222,0.0035165678,0.003,0.0002965956,0.0069934044,0.0059452255,0.0013447745,0.00729,0.0011608111,0.0061291889
120000,0.0218960309,3.006624026,2.9552194743,0.4170712695,0.2029685052,0.2025261623,6.5979305244,1.9049882837,5.31E-009,0.0014609071,3.3572191841,0.0479475515,0.2102463386,5.7522675573,0.8651892046,0.0058553525,0.0017566057,0.0001756606,0.001,3.95E-005,0.0010374482,0.001,0.001,0.0113729428,0.0113301324,7.50E-005,0.0003000758,0.0042930334,0.0002184431,0.0005022796,0.0010310447,0.0003576569,0.0009982068,0.0002428955,0.0003744042,0.0011067535,0.0024863984,0.0964819682,0.0035180218,0.003,0.0002971112,0.0069928888,0.0059447786,0.0013452214,0.00729,0.0011616523,0.0061283477
121000,0.0262156429,3.0080855767,2.946130126,0.4165081119,0.2025240742,0.2025940659,6.5931037404,1.9055217555,5.31E-009,0.0014585182,3.3589286024,0.048141548,0.2102924306,5.7466197361,0.8646330224,0.0056400322,0.0016920097,0.000169201,0.001,3.89E-005,0.001035334,0.001,0.001,0.0113775583,0.0113414117,7.49E-005,0.0002986528,0.0042903317,0.000218809,0.0005001729,0.0010253511,0.0003534198,0.0009986181,0.0002428072,0.0003750508,0.0010833127,0.0024896212,0.0964807715,0.0035192185,0.003,0.0002975287,0.0069924713,0.0059444108,0.0013455892,0.00729,0.0011622807,0.0061277193
122000,0.0313862311,3.0098404908,2.9352477889,0.4160379594,0.2021632613,0.2026500678,6.5891991658,1.9059863296,5.31E-009,0.0014564978,3.3603250365,0.0483000264,0.2103309639,5.7420804995,0.8642169665,0.0054656048,0.0016396814,0.0001639681,0.001,3.84E-005,0.0010336482,0.001,0.001,0.0113813365,0.0113505342,7.48E-005,0.0002975098,0.0042885991,0.0002191237,0.0004984818,0.0010207224,0.0003500486,0.000998931,0.0002427238,0.0003755764,0.0010644778,0.0024921753,0.0964797846,0.0035202054,0.003,0.0002978669,0.0069921331,0.0059441075,0.0013458925,0.00729,0.0011627508,0.0061272492
123000,0.0375756182,3.0119464293,2.9222188941,0.4156466112,0.2018712957,0.2026963118,6.5860439312,1.906388957,5.32E-009,0.0014548034,3.3614713515,0.0484293094,0.2103631287,5.738436812,0.8639054494,0.0053243298,0.001597299,0.0001597299,0.001,3.80E-005,0.0010323053,0.001,0.001,0.0113844289,0.0113579105,7.48E-005,0.0002965922,0.0042875181,0.0002194428,0.0004971254,0.0010169603,0.000347368,0.000999169,0.0002426466,0.0003760036,0.0010493489,0.0024941976,0.0964789696,0.0035210204,0.003,0.0002981407,0.0069918593,0.0059438571,0.0013461429,0.00729,0.001163103,0.006126897
124000,0.0449851879,3.0144725955,2.9066191643,0.4153220108,0.2016351468,0.2027345555,6.5834949201,1.9067365092,5.32E-009,0.0014533751,3.3624126056,0.0485347506,0.210389942,5.7355121072,0.8636722022,0.0052099863,0.0015629959,0.0001562996,0.001,3.76E-005,0.0010312373,0.001,0.001,0.0113869586,0.0113638701,7.48E-005,0.0002958563,0.0042869575,0.0002197047,0.0004960386,0.001013905,0.0003452396,0.0009993499,0.0002425761,0.0003763506,0.0010372082,0.0024957963,0.0964782956,0.0035216944,0.003,0.0002983621,0.0069916379,0.00594365,0.00134635,0.00729,0.001163367,0.006126633
125000,0.0538558998,3.0175018009,2.887940937,0.4150535625,0.2014447334,0.2027662525,6.581438459,1.9070353675,5.31E-009,0.001452146,3.3631846861,0.0486206279,0.2104122577,5.7331683772,0.8634969053,0.0051174858,0.0015352457,0.0001535246,0.001,3.74E-005,0.0010303894,0.001,0.001,0.0113890273,0.0113686823,7.47E-005,0.0002952669,0.0042868996,0.0002197814,0.0004951689,0.0010114254,0.0003435515,0.0009994872,0.0002425126,0.0003766322,0.0010274724,0.0024970583,0.096477737,0.003522253,0.003,0.000298541,0.006991459,0.0059434784,0.0013465216,0.00729,0.0011635655,0.0061264345
126000,0.0644760349,3.0211331103,2.8655768481,0.4148320487,0.2012918493,0.2027926339,6.5797790622,1.9072915554,5.31E-009,0.0014510984,3.3638226738,0.0486904751,0.2104308205,5.7312889966,0.8633642684,0.0050426552,0.0015127966,0.0001512797,0.001,3.71E-005,0.0010297168,0.001,0.001,0.011390719,0.0113725678,7.47E-005,0.000294795,0.004287157,0.00021975,0.0004944732,0.0010094133,0.0003422133,0.0009995915,0.000242456,0.0003768606,0.0010196659,0.0024980537,0.096477272,0.003522718,0.003,0.0002986854,0.0069913146,0.0059433356,0.0013466644,0.00729,0.0011637157,0.0061262843
127000,0.0771904112,3.0254850171,2.8388004099,0.4146498967,0.2011692005,0.2028147116,6.57844074,1.9075104547,5.33E-009,0.0014502732,3.3643514467,0.0487473059,0.2104462407,5.7297827994,0.8632622789,0.0049821041,0.0014946312,0.0001494631,0.001,3.70E-005,0.0010291838,0.001,0.001,0.0113921027,0.0113757054,7.47E-005,0.0002944174,0.0042873029,0.0002199571,0.000493917,0.001007781,0.0003411526,0.0009996706,0.0002424059,0.000377046,0.0010134054,0.0024988386,0.0964768829,0.0035231071,0.003,0.000298802,0.006991198,0.005943216,0.001346784,0.00729,0.0011638313,0.0061261687
128000,0.0924119227,3.0306994077,2.8067417021,0.4145006115,0.2010709193,0.2028333372,6.5773617212,1.907696999,5.35E-009,0.0014496682,3.3647877615,0.0487935685,0.2104590397,5.7285756557,0.8631821857,0.0049330973,0.0014799292,0.0001479929,0.001,3.68E-005,0.001028762,0.001,0.001,0.0113932347,0.0113782393,7.47E-005,0.0002941152,0.0042871605,0.0002205221,0.0004934725,0.0010064571,0.0003403119,0.0009997307,0.000242362,0.0003771963,0.001008384,0.0024994571,0.0964765547,0.0035234353,0.003,0.000298896,0.006991104,0.0059431152,0.0013468848,0.00729,0.001163922,0.006126078
129000,0.1106349164,3.0369461552,2.7683591732,0.4143786414,0.2009926485,0.2028492315,6.5764927383,1.9078556173,5.33E-009,0.0014491188,3.3651505214,0.0488311829,0.2104696553,5.7276089533,0.8631173626,0.0048934336,0.0014680301,0.000146803,0.001,3.67E-005,0.0010284286,0.001,0.001,0.0113941607,0.0113802853,7.47E-005,0.0002938738,0.0042873717,0.0002207637,0.0004931177,0.0010053842,0.0003396459,0.0009997761,0.0002423236,0.0003773182,0.0010043567,0.0024999441,0.0964762746,0.0035237154,0.003,0.0002989718,0.0069910282,0.0059430292,0.0013469708,0.00729,0.0011639955,0.0061260045
130000,0.1324512235,3.044428621,2.7224058553,0.4142794797,0.2009306185,0.2028630136,6.5757943653,1.9079902001,5.25E-009,0.0014484375,3.3654566266,0.0488617741,0.2104784488,5.7268362104,0.8630625037,0.0048613349,0.0014584005,0.00014584,0.001,3.66E-005,0.0010281659,0.001,0.001,0.0113949183,0.0113819367,7.48E-005,0.000293681,0.0042887113,0.0002198801,0.0004928348,0.0010045158,0.0003391187,0.00099981,0.0002422903,0.0003774168,0.0010011273,0.0025003271,0.0964760316,0.0035239584,0.003,0.0002990327,0.0069909673,0.0059429546,0.0013470454,0.00729,0.0011640576,0.0061259424
131000,0.1585693499,3.0533902788,2.6673889066,0.4141994573,0.2008815953,0.2028752375,6.5752342286,1.9081041893,5.26E-009,0.0014479183,3.3657131866,0.0488867102,0.2104857255,5.7262190127,0.8630133544,0.0048353598,0.001450608,0.0001450608,0.001,3.65E-005,0.0010279595,0.001,0.001,0.0113955379,0.011383269,7.48E-005,0.0002935275,0.0042896762,0.0002193562,0.0004926097,0.0010038143,0.0003387014,0.000999835,0.0002422615,0.0003774965,0.0009985379,0.002500628,0.0964758162,0.0035241738,0.003,0.0002990815,0.0069909185,0.0059428884,0.0013471116,0.00729,0.0011641134,0.0061258866
132000,0.189837464,3.0641225542,2.6015211698,0.414135532,0.2008433735,0.2028864153,6.5747871438,1.908200569,5.45E-009,0.0014481267,3.3659291014,0.0489070346,0.2104917357,5.7257280822,0.8629659957,0.0048143401,0.001444302,0.0001444302,0.001,3.65E-005,0.0010277982,0.001,0.001,0.0113960446,0.0113843432,7.48E-005,0.0002934054,0.0042874978,0.0002219491,0.0004924311,0.0010032492,0.0003383713,0.0009998529,0.0002422367,0.0003775606,0.0009964615,0.002500864,0.0964756192,0.0035243708,0.003,0.0002991205,0.0069908795,0.0059428279,0.0013471721,0.00729,0.0011641671,0.0061258329
133000,0.2272709166,3.0769742004,2.5226631674,0.4140852391,0.2008142211,0.2028970597,6.5744323583,1.9082819935,5.57E-009,0.0014485476,3.3661181549,0.0489236223,0.2104966951,5.7253385888,0.8629169247,0.0047973301,0.001439199,0.0001439199,0.001,3.64E-005,0.0010276729,0.001,0.001,0.0113964588,0.0113852085,7.48E-005,0.0002933087,0.0042845842,0.0002252436,0.0004922898,0.0010027961,0.00033811,0.000999865,0.0002422154,0.0003776121,0.0009947962,0.0025010488,0.0964754316,0.0035245584,0.003,0.0002991515,0.0069908485,0.0059427703,0.0013472297,0.00729,0.0011642227,0.0061257773
134000,0.2720851722,3.0923627469,2.4282535772,0.4140469141,0.2007925543,0.202907714,6.5741544345,1.9083506884,5.22E-009,0.0014475716,3.3662856106,0.0489372525,0.2105007698,5.7250325489,0.8628620074,0.0047835654,0.0014350696,0.000143507,0.001,3.64E-005,0.0010275766,0.001,0.001,0.0113967973,0.0113859043,7.48E-005,0.0002932325,0.0042885435,0.0002216282,0.0004921788,0.0010024355,0.0003379033,0.0009998721,0.0002421972,0.000377653,0.0009934602,0.0025011933,0.0964752438,0.0035247462,0.003,0.0002991758,0.0069908242,0.0059427126,0.0013472874,0.00729,0.0011642849,0.0061257151
135000,0.3257352051,3.1107878941,2.3152261524,0.4140193203,0.20077748,0.2029190279,6.5739408955,1.9084086522,4.69E-009,0.0014451219,3.3664352369,0.0489485282,0.2105041048,5.7247944706,0.8627965164,0.0047724284,0.0014317285,0.0001431729,0.001,3.64E-005,0.0010275041,0.001,0.001,0.0113970735,0.0113864624,7.48E-005,0.000293173,0.0042997797,0.0002106976,0.0004920925,0.0010021522,0.0003377395,0.0009998747,0.0002421817,0.0003776852,0.0009923878,0.0025013059,0.0964750443,0.0035249457,0.003,0.0002991944,0.0069908056,0.0059426514,0.0013473486,0.00729,0.0011643592,0.0061256408
136000,0.3899626129,3.1328475935,2.1799102293,0.4140020005,0.2007686781,0.202931859,6.5737838879,1.9084575651,5.06E-009,0.0014449337,3.3665801956,0.0489579564,0.2105068064,5.7246144115,0.8627134872,0.0047634196,0.0014290259,0.0001429026,0.001,3.63E-005,0.0010274513,0.001,0.001,0.0113972987,0.011386908,7.48E-005,0.0002931274,0.0043004464,0.0002102977,0.0004920265,0.0010019348,0.0003376096,0.0009998729,0.0002421684,0.0003777099,0.0009915262,0.0025013932,0.0964748181,0.0035251719,0.003,0.0002992081,0.0069907919,0.0059425819,0.0013474181,0.00729,0.0011644533,0.0061255467
137000,0.4668441488,3.159254606,2.0179281019,0.4139954958,0.2007661146,0.2029474711,6.5736785081,1.9084989107,5.92E-009,0.0014484797,3.3667305535,0.0489660667,0.2105089553,5.7244843006,0.8626024579,0.0047561378,0.0014268413,0.0001426841,0.001,3.63E-005,0.0010274156,0.001,0.001,0.0113974816,0.0113872608,7.48E-005,0.0002930934,0.0042830879,0.000227885,0.0004919777,0.0010017753,0.0003375062,0.0009998663,0.0002421571,0.000377728,0.000990833,0.0025014604,0.0964745429,0.0035254471,0.003,0.0002992173,0.0069907827,0.0059424974,0.0013475026,0.00729,0.0011645793,0.0061254207
138000,0.5588730385,3.1908640841,1.8240227296,0.4140020654,0.2007708866,0.2029680003,6.5736257734,1.9085339594,4.51E-009,0.0014447316,3.3668986762,0.0489733623,0.2105105879,5.7244015208,0.8624446047,0.0047502564,0.0014250769,0.0001425077,0.001,3.63E-005,0.0010273954,0.001,0.001,0.0113976294,0.0113875357,7.48E-005,0.0002930696,0.0043009922,0.0002101712,0.0004919441,0.0010016698,0.0003374233,0.0009998538,0.0002421475,0.00037774,0.0009902735,0.0025015113,0.0964741809,0.0035258091,0.003,0.0002992219,0.0069907781,0.0059423863,0.0013476137,0.00729,0.0011647584,0.0061252416
139000,0.6690359179,3.2286989713,1.5918943696,0.4140273026,0.2007857743,0.2029974367,6.5736348932,1.9085638526,5.71E-009,0.0014485569,3.3671138971,0.048980525,0.210511681,5.7243685809,0.8622039465,0.0047455125,0.0014236538,0.0001423654,0.001,3.63E-005,0.0010273912,0.001,0.001,0.0113977476,0.0113877432,7.48E-005,0.0002930556,0.0042829357,0.0002283787,0.0004919252,0.0010016194,0.0003373559,0.0009998332,0.0002421394,0.0003777457,0.0009898188,0.002501549,0.0964736619,0.0035263281,0.003,0.0002992211,0.0069907789,0.005942227,0.001347773,0.00729,0.0011650316,0.0061249684
140000,0.8008995885,3.2739782796,1.3140134849,0.4140856235,0.2008179157,0.2030446652,6.5737351611,1.9085895726,5.09E-009,0.0014462901,3.3674359204,0.04898877,0.210512056,5.7244006393,0.8617979556,0.0047417015,0.0014225104,0.000142251,0.001,3.63E-005,0.0010274061,0.001,0.001,0.0113978397,0.0113878876,7.48E-005,0.0002930523,0.0042942209,0.0002172005,0.0004919223,0.0010016346,0.0003372995,0.0009997996,0.0002421323,0.000377744,0.0009894446,0.0025015749,0.096472829,0.003527161,0.003,0.0002992124,0.0069907876,0.0059419714,0.0013480286,0.00729,0.0011654927,0.0061245073
141000,0.9587263777,3.3281510919,0.9813656193,0.4142204753,0.2008883338,0.2031345551,6.5740167685,1.9086118414,5.32E-009,0.0014474709,3.3680340613,0.0490012506,0.210511037,5.7245482492,0.8609903845,0.0047386726,0.0014216018,0.0001421602,0.001,3.63E-005,0.0010274503,0.001,0.001,0.011397907,0.0113879624,7.48E-005,0.0002930635,0.0042893145,0.0002221556,0.0004919419,0.001001748,0.0003372492,0.0009997415,0.0002421262,0.0003777312,0.0009891272,0.0025015891,0.0964712435,0.0035287465,0.003,0.0002991878,0.0069908122,0.005941485,0.001348515,0.00729,0.0011664109,0.0061235891
142000,1.1475840887,3.3929106879,0.5831683286,0.4146303289,0.2010897785,0.2033748643,6.5748744638,1.9086295578,5.32E-009,0.001448534,3.3696633236,0.0490318472,0.2105052289,5.725031464,0.8587359631,0.004736362,0.0014209086,0.0001420909,0.001,3.63E-005,0.0010275591,0.001,0.001,0.011397943,0.0113879262,7.48E-005,0.0002931045,0.0042875503,0.0002238601,0.0004920076,0.0010020732,0.0003371963,0.000999621,0.0002421204,0.0003776943,0.0009888332,0.002501586,0.0964670027,0.0035329873,0.003,0.0002991129,0.0069908871,0.0059401851,0.0013498149,0.00729,0.001168982,0.006121018
143000,1.3731987265,3.4698692007,0.106567544,0.4196240458,0.2033344031,0.2060065112,6.5837888127,1.9085821958,5.32E-009,0.0014597016,3.3880797055,0.0493833717,0.2104212881,5.7297372315,0.8335748602,0.0047353315,0.0014205995,0.0001420599,0.001,3.64E-005,0.0010280254,0.001,0.001,0.0113978717,0.0113873902,7.48E-005,0.000293303,0.0042662866,0.0002445491,0.0004923199,0.0010035535,0.0003370894,0.0009991239,0.0002421117,0.0003775263,0.0009884018,0.0025015084,0.0964203539,0.0035796361,0.003,0.0002983366,0.0069916634,0.0059259868,0.0013640132,0.00729,0.001198465,0.006091535
144000,1.4871298575,3.4552214199,1.52E-025,0.8015827532,0.1595502898,3.9080878506,0.043606627,0.0105379314,25.8236800383,0.2305101392,3.4342501786,0.0125341714,0.0480601639,0.1472081969,0.0075715178,0.011366571,0.0034099713,0.0003409971,0.001,5.53E-005,0.0011017918,0.001,0.001,0.0112809322,0.0110466844,8.58E-005,0.0003381649,0.0004424823,0.0044190297,0.0005594829,0.0011628808,0.0004971985,0.0009552194,0.0002360928,0.0003594476,0.0017725834,0.0023738547,0.0059162665,0.0940837235,0.003,0.0072825131,7.49E-006,0.0013584075,0.0059315925,0.00729,0.0069682911,0.0003217089
145000,1.5727594046,3.3963241635,-7.45E-025,0.7333303153,0.2455513663,3.9344613046,0.0636424345,0.0641554646,24.2898257944,0.305171,4.165849459,0.0202598824,0.0763309154,0.2281117253,0.0113173966,0.0191837755,0.0057551326,0.0005755133,0.001,7.77E-005,0.001189143,0.001,0.001,0.0111485448,0.0106516728,9.86E-005,0.0003916602,0.0006424546,0.0046302336,0.0006395155,0.0013429565,0.0006847389,0.0009059608,0.0002291355,0.0003390144,0.0026922108,0.0022254484,0.0055880398,0.0944119502,0.003,0.007274071,1.59E-005,0.0013509892,0.0059390108,0.00729,0.0068194045,0.0004705955
146000,1.6633190495,3.3137642066,5.70E-026,0.7292084841,0.323428283,3.9349090824,0.0750243642,0.1423554115,22.3636388981,0.3673671847,4.6537411656,0.027042927,0.0988648565,0.2875831815,0.0146496144,0.0263705371,0.0079111611,0.0007911161,0.001,9.83E-005,0.0012694932,0.001,0.001,0.0110269003,0.0102886328,0.0001104266,0.0004408699,0.0008071248,0.004843522,0.0007131363,0.0015085244,0.0008570764,0.0008610398,0.0002227387,0.0003202271,0.0035370226,0.0020890283,0.0055841032,0.0944158868,0.003,0.0072678826,2.21E-005,0.0013508639,0.0059391361,0.00729,0.0066922071,0.0005977929
147000,1.7590921869,3.2068570517,-8.43E-027,0.7420398118,0.3954193122,3.9361421135,0.0838564492,0.2297229215,20.4038541002,0.4273686673,5.0114982437,0.0330473023,0.1204698347,0.3417749482,0.0176708815,0.0329776211,0.0098932863,0.0009893286,0.001,0.0001173086,0.0013433727,0.001,0.001,0.0109150919,0.0099549601,0.0001212796,0.0004861169,0.0009490049,0.0050490748,0.0007808287,0.0016607518,0.0010154536,0.0008200663,0.0002168574,0.0003029533,0.0043131867,0.0019636232,0.0055308682,0.0944691218,0.003,0.0072623895,2.76E-005,0.0013505192,0.0059394808,0.00729,0.0065809126,0.0007090874
148000,1.8603786979,3.0748228297,-3.81E-027,0.7606083036,0.4621917795,3.9395096601,0.0923203532,0.3187769504,18.5097163964,0.4883025204,5.286444348,0.0383732922,0.142620897,0.3958728403,0.0204191442,0.0390516353,0.0117154906,0.0011715491,0.001,0.0001347557,0.0014113124,0.001,0.001,0.0108123351,0.0096482852,0.000131256,0.0005277269,0.001073498,0.0052439491,0.0008430797,0.0018007124,0.0011609968,0.0007826888,0.0002114498,0.000287071,0.0050262463,0.0018483451,0.0054055927,0.0945943973,0.003,0.0072565615,3.34E-005,0.0013495784,0.0059404216,0.00729,0.006482842,0.000807158
149000,1.9674954737,2.9168073869,6.12E-027,0.7812774327,0.5241104441,3.9446130278,0.1015106542,0.4050739586,16.706744987,0.5515450284,5.5041359917,0.0431011679,0.1659558211,0.4522389445,0.022917929,0.0446353348,0.0133906005,0.00133906,0.001,0.0001508017,0.001473801,0.001,0.001,0.0107179148,0.0093664488,0.0001404262,0.0005659997,0.0011839649,0.0054270337,0.000900338,0.0019293934,0.0012947294,0.0007485882,0.000206478,0.000272468,0.0056812068,0.0017423817,0.0052240217,0.0947759683,0.003,0.0072496113,4.04E-005,0.0013481553,0.0059418447,0.00729,0.006396177,0.000893823
150000,2.0807774518,2.7318858612,-2.37E-026,0.8028047884,0.5814600177,3.9509570704,0.1121779912,0.4855998732,14.990692764,0.6180551986,5.6801060427,0.0472957336,0.1908977727,0.5124634497,0.0251855885,0.0497679275,0.0149303783,0.0014930378,0.001,0.000165561,0.0015312853,0.001,0.001,0.0106311755,0.0091074821,0.0001488545,0.0006012092,0.0012828007,0.0055979915,0.0009530134,0.0020477019,0.001417582,0.0007174738,0.0002019068,0.0002590414,0.0062825894,0.0016449892,0.0050025024,0.0949974876,0.003,0.0072407371,4.93E-005,0.0013463904,0.0059436096,0.00729,0.0063195096,0.0009704904
151000,2.2005785159,2.5190639295,-9.17E-026,0.8249185802,0.6344984753,3.9580828268,0.1247989316,0.5583487442,13.3512366201,0.6883745324,5.8244622827,0.0510078806,0.2176820164,0.5774906571,0.0272374118,0.0544853327,0.0163455998,0.00163456,0.001,0.0001791382,0.0015841732,0.001,0.001,0.0105515168,0.0088695924,0.0001565997,0.0006336056,0.0013718386,0.0057568699,0.0010014799,0.0021564714,0.0015303989,0.0006890809,0.0001977039,0.0002466962,0.0068344659,0.0015554878,0.0047566565,0.0952433335,0.003,0.0072291264,6.09E-005,0.0013444135,0.0059455865,0.00729,0.0062517062,0.0010382938
152000,2.3272724317,2.277278785,7.58E-027,0.8477967077,0.6834655699,3.9654587542,0.1393198688,0.6225281072,11.7908735665,0.7619527981,5.9440772285,0.0542765768,0.2460889309,0.6468246614,0.0290865719,0.0588204071,0.0176461221,0.0017646122,0.001,0.0001916289,0.001632837,0.001,0.001,0.0104783878,0.008651146,0.0001637155,0.0006634169,0.0014525276,0.0059039382,0.0010460787,0.0022564674,0.0016339467,0.0006631679,0.0001938397,0.0002353454,0.007340507,0.0014732555,0.0045050999,0.0954948901,0.003,0.0072142921,7.57E-005,0.0013423733,0.0059476267,0.00729,0.0061918346,0.0010981654
153000,2.4612544034,2.0053987287,1.83E-026,0.8718068484,0.7285776485,3.972516553,0.155049109,0.6786272241,10.3291489222,0.8368252247,6.0437786823,0.0571318618,0.2753186725,0.7181894195,0.0307446708,0.0628032279,0.0188409684,0.0018840968,0.001,0.0002031206,0.001677616,0.001,0.001,0.010411278,0.0084506409,0.0001702515,0.0006908509,0.0015260467,0.0060395969,0.0010871207,0.0023483934,0.0017289288,0.0006395141,0.000190287,0.0002249086,0.0078040757,0.0013977202,0.0042669735,0.0957330165,0.003,0.0071964638,9.35E-005,0.0013404269,0.0059495731,0.00729,0.0061391158,0.0011508842
154000,2.602938373,1.702235152,3.97E-027,0.8973776545,0.7700169489,3.9788509223,0.1710102868,0.7278065204,8.9900294614,0.9103673708,6.1270327992,0.0595971402,0.3043060803,0.7885430084,0.0322214642,0.0664610925,0.0199383277,0.0019938328,0.001,0.0002136924,0.0017188173,0.001,0.001,0.0103497121,0.008266691,0.0001762528,0.0007160955,0.001593382,0.0061643079,0.0011248871,0.0024328903,0.0018159951,0.0006179189,0.0001870206,0.0002153125,0.0082283017,0.0013283564,0.0040549074,0.0959450826,0.003,0.0071765302,0.0001134698,0.0013386848,0.0059513152,0.00729,0.0060929119,0.0011970881
155000,2.7527609901,1.3665352937,1.55E-026,0.9249467602,0.8079191146,3.9843100964,0.1863702583,0.771189302,7.789395229,0.9802762645,6.1963380474,0.0616900778,0.3321214071,0.8553139534,0.0335248072,0.0698189704,0.0209456911,0.0020945691,0.001,0.0002234173,0.0017567221,0.001,0.001,0.0102932388,0.0080979899,0.0001817616,0.000739323,0.0016553457,0.0062786057,0.0011596355,0.0025105449,0.0018957584,0.0005981982,0.0001840175,0.0002064888,0.0086161772,0.0012646739,0.0038729203,0.0961270697,0.003,0.0071556239,0.0001343761,0.001337187,0.005952813,0.00729,0.0060527085,0.0012372915
156000,2.9111750028,0.997003519,9.35E-027,0.9548273379,0.8423256433,3.9889179876,0.2005690409,0.8096308653,6.733799399,1.0448709475,6.2533678336,0.0634219182,0.3580959759,0.9167675859,0.0346617747,0.0728993104,0.0218697931,0.0021869793,0.001,0.0002323614,0.0017915848,0.001,0.001,0.0102414258,0.0079433115,0.0001868167,0.0007606895,0.0017125592,0.0063831042,0.0011915994,0.0025818821,0.0019687909,0.0005801836,0.0001812561,0.0001983752,0.0089705397,0.0012062185,0.0037197349,0.0962802551,0.003,0.0071348212,0.0001551788,0.0013359254,0.0059540746,0.00729,0.006018068,0.001271932
157000,3.07863103,0.5923481493,6.46E-026,0.9865807332,0.8729441735,3.9927608265,0.2132704432,0.8438459269,5.8245937425,1.1028826203,6.2985020239,0.0647877271,0.3817650762,0.9718347619,0.0356444146,0.0757217534,0.022716526,0.0022716526,0.001,0.0002405835,0.0018236281,0.001,0.001,0.0101938351,0.0078014934,0.0001914527,0.0007803331,0.0017653101,0.0064786126,0.0012209853,0.0026473383,0.0020356158,0.0005637216,0.0001787165,0.0001909132,0.0092940222,0.0011525703,0.0035927607,0.0964072293,0.003,0.0071150315,0.0001749685,0.0013348751,0.0059551249,0.00729,0.0059884473,0.0013015527
158000,3.2553952522,0.1517051537,-1.73E-026,1.0086376869,0.8945843325,3.9957963361,0.224234376,0.8758635879,5.0841174537,1.1507906562,6.3181453087,0.0655252029,0.4023605216,1.0192440555,0.0365813865,0.078299059,0.0234897177,0.0023489718,0.001,0.0002481225,0.0018529705,0.001,0.001,0.0101497942,0.0076713479,0.0001956913,0.0007983383,0.0018105379,0.0065688166,0.0012479175,0.0027069646,0.0020965988,0.0005486728,0.000176377,0.0001840444,0.0095885396,0.0011033563,0.0035017675,0.0964982225,0.003,0.0070970676,0.0001929324,0.0013340466,0.0059559534,0.00729,0.0059604737,0.0013295263
