id,value,min,max
Vmax_0001,54.1366,10.8273,270.683
Keq_0001,10.54,2.108,52.7
Km0025_0001,0.1,0.02,0.5
Km0709_0001,0.1,0.02,0.5
Km0710_0001,0.1,0.02,0.5
Km1399_0001,0.527,0.1054,2.635
Vmax_0004,29.8937,5.97873,149.468
Keq_0004,10.54,2.108,52.7
Km0063_0004,0.1,0.02,0.5
Km0709_0004,0.1,0.02,0.5
Km0710_0004,0.1,0.02,0.5
Km1399_0004,0.527,0.1054,2.635
Vmax_0005,2.19274,0.438548,10.9637
Keq_0005,0.120771,0.0241542,0.603854
Km1543_0005,0.467,0.0934,2.335
Km0002_0005,0.1,0.02,0.5
Km1538_0005,0.282,0.0564,1.41
Vmax_0007,0.0865555,0.0173111,0.432777
Keq_0007,2,0.4,10
Km0077_0007,0.1,0.02,0.5
Km0312_0007,0.1,0.02,0.5
Vmax_0008,0.0168599,0.00337197,0.0842993
Keq_0008,2,0.4,10
Km0082_0008,0.1,0.02,0.5
Km0380_0008,0.1,0.02,0.5
Km0529_0008,0.1,0.02,0.5
Km1331_0008,0.1,0.02,0.5
Vmax_0012,0.347376,0.0694752,1.73688
Keq_0012,11.6114,2.32229,58.0572
Km0991_0012,0.298,0.0596,1.49
Km1203_0012,0.0867,0.01734,0.4335
Km0118_0012,0.1,0.02,0.5
Km1198_0012,1.5,0.3,7.5
Vmax_0014,0.00173111,0.000346222,0.00865555
Keq_0014,0.2,0.04,1
Km0142_0014,0.1,0.02,0.5
Km0313_0014,0.1,0.02,0.5
Km0419_0014,0.1,0.02,0.5
Vmax_0015,0.00242355,0.000484711,0.0121178
Keq_0015,2,0.4,10
Km0141_0015,0.1,0.02,0.5
Km1212_0015,0.1,0.02,0.5
Km0142_0015,0.1,0.02,0.5
Km1207_0015,0.1,0.02,0.5
Vmax_0016,0.463168,0.0926336,2.31584
Keq_0016,0.379507,0.0759013,1.89753
Km0178_0016,0.1,0.02,0.5
Km1399_0016,0.527,0.1054,2.635
Km0039_0016,0.1,0.02,0.5
Km0456_0016,0.1,0.02,0.5
Vmax_0018,0.643588,0.128718,3.21794
Keq_0018,1.1745,0.234899,5.87248
Km0176_0018,0.1,0.02,0.5
Km0991_0018,0.298,0.0596,1.49
Km0180_0018,0.175,0.035,0.875
Km0953_0018,0.1,0.02,0.5
Vmax_0020,0.642242,0.128448,3.21121
Keq_0020,1.30719,0.261438,6.53595
Km0551_0020,0.1,0.02,0.5
Km1360_0020,0.153,0.0306,0.765
Km0349_0020,0.1,0.02,0.5
Km1322_0020,0.1,0.02,0.5
Vmax_0023,0.288518,0.0577036,1.44259
Keq_0023,2,0.4,10
Km0162_0023,0.1,0.02,0.5
Km0165_0023,0.1,0.02,0.5
Vmax_0024,0.673209,0.134642,3.36605
Keq_0024,2,0.4,10
Km0232_0024,0.1,0.02,0.5
Km0373_0024,0.1,0.02,0.5
Km0162_0024,0.1,0.02,0.5
Km0529_0024,0.1,0.02,0.5
Vmax_0027,0.275823,0.0551647,1.37912
Keq_0027,2,0.4,10
Km0835_0027,0.1,0.02,0.5
Km0454_0027,0.1,0.02,0.5
Vmax_0029,0.480864,0.0961727,2.40432
Keq_0029,0.2,0.04,1
Km0010_0029,0.1,0.02,0.5
Km0291_0029,0.1,0.02,0.5
Km0456_0029,0.1,0.02,0.5
Vmax_0032,0.178689,0.0357378,0.893445
Keq_0032,0.88,0.176,4.4
Km0390_0032,0.1,0.02,0.5
Km0423_0032,0.44,0.088,2.2
Km1322_0032,0.1,0.02,0.5
Vmax_0038,0.00346222,0.000692444,0.0173111
Keq_0038,0.2,0.04,1
Km0577_0038,0.1,0.02,0.5
Km0158_0038,0.1,0.02,0.5
Km0722_0038,0.1,0.02,0.5
Vmax_0039,0.275246,0.0550493,1.37623
Keq_0039,2,0.4,10
Km0210_0039,0.1,0.02,0.5
Km0211_0039,0.1,0.02,0.5
Vmax_0040,0.458744,0.0917488,2.29372
Keq_0040,0.2,0.04,1
Km0349_0040,0.1,0.02,0.5
Km0210_0040,0.1,0.02,0.5
Km1322_0040,0.1,0.02,0.5
Vmax_0041,0.00145043,0.000290086,0.00725215
Keq_0041,2,0.4,10
Km0231_0041,0.1,0.02,0.5
Km1212_0041,0.1,0.02,0.5
Km1207_0041,0.1,0.02,0.5
Km1445_0041,0.1,0.02,0.5
Vmax_0060,0.288518,0.0577036,1.44259
Keq_0060,2,0.4,10
Km0165_0060,0.1,0.02,0.5
Km0009_0060,0.1,0.02,0.5
Vmax_0061,0.673209,0.134642,3.36605
Keq_0061,0.1156,0.02312,0.578
Km0009_0061,0.1,0.02,0.5
Km1198_0061,1.5,0.3,7.5
Km0010_0061,0.1,0.02,0.5
Km1203_0061,0.0867,0.01734,0.4335
Vmax_0065,0.642242,0.128448,3.21121
Keq_0065,1.30719,0.261438,6.53595
Km0261_0065,0.1,0.02,0.5
Km1360_0065,0.153,0.0306,0.765
Km0324_0065,0.1,0.02,0.5
Km1322_0065,0.1,0.02,0.5
Vmax_0079,0.963712,0.192742,4.81856
Keq_0079,0.179217,0.0358434,0.896084
Km0301_0079,0.1,0.02,0.5
Km0434_0079,4.29,0.858,21.45
Km0999_0079,0.1,0.02,0.5
Km0302_0079,0.1,0.02,0.5
Km0394_0079,1.29,0.258,6.45
Km0991_0079,0.298,0.0596,1.49
Km1322_0079,0.1,0.02,0.5
Vmax_0080,0.176077,0.0352153,0.880383
Keq_0080,2,0.4,10
Km0306_0080,0.1,0.02,0.5
Km1212_0080,0.1,0.02,0.5
Km0322_0080,0.1,0.02,0.5
Km1207_0080,0.1,0.02,0.5
Vmax_0091,5.91026,1.18205,29.5513
Keq_0091,2,0.4,10
Km0335_0091,0.1,0.02,0.5
Km0340_0091,0.1,0.02,0.5
Vmax_0096,1.36527,0.273054,6.82634
Keq_0096,2,0.4,10
Km0146_0096,0.1,0.02,0.5
Km1212_0096,0.1,0.02,0.5
Km0016_0096,0.1,0.02,0.5
Km1207_0096,0.1,0.02,0.5
Vmax_0097,1.36527,0.273054,6.82634
Keq_0097,0.0720126,0.0144025,0.360063
Km1399_0097,0.527,0.1054,2.635
Km0146_0097,0.1,0.02,0.5
Km0456_0097,0.1,0.02,0.5
Vmax_0103,0.110676,0.0221351,0.553378
Keq_0103,2,0.4,10
Km0373_0103,0.1,0.02,0.5
Km0367_0103,0.1,0.02,0.5
Km0529_0103,0.1,0.02,0.5
Vmax_0108,0.90038,0.180076,4.5019
Keq_0108,0.601399,0.12028,3.00699
Km0373_0108,0.1,0.02,0.5
Km0434_0108,4.29,0.858,21.45
Km0445_0108,0.1,0.02,0.5
Km0394_0108,1.29,0.258,6.45
Km1101_0108,0.1,0.02,0.5
Km1322_0108,0.1,0.02,0.5
Vmax_0111,0.141738,0.0283477,0.708692
Keq_0111,111.6,22.32,558
Km0373_0111,0.1,0.02,0.5
Km0362_0111,55.8,11.16,279
Km0529_0111,0.1,0.02,0.5
Vmax_0115,0.366226,0.0732452,1.83113
Keq_0115,0.601399,0.12028,3.00699
Km0434_0115,4.29,0.858,21.45
Km1192_0115,0.1,0.02,0.5
Km0394_0115,1.29,0.258,6.45
Km1191_0115,0.1,0.02,0.5
Vmax_0118,0.366226,0.0732452,1.83113
Keq_0118,1.1745,0.234899,5.87248
Km0145_0118,0.1,0.02,0.5
Km0991_0118,0.298,0.0596,1.49
Km0180_0118,0.175,0.035,0.875
Km1182_0118,0.1,0.02,0.5
Vmax_0142,0.0414347,0.00828694,0.207173
Keq_0142,2.64615,0.529231,13.2308
Km0386_0142,0.1,0.02,0.5
Km0434_0142,4.29,0.858,21.45
Km0394_0142,1.29,0.258,6.45
Km0423_0142,0.44,0.088,2.2
Vmax_0144,0.0295962,0.00591924,0.147981
Keq_0144,0.2,0.04,1
Km1413_0144,0.1,0.02,0.5
Km0386_0144,0.1,0.02,0.5
Km1012_0144,0.1,0.02,0.5
Vmax_0148,2.635,0.527001,13.175
Keq_0148,1.76319,0.352638,8.81596
Km0423_0148,0.44,0.088,2.2
Km0434_0148,4.29,0.858,21.45
Km0394_0148,1.29,0.258,6.45
Vmax_0151,0.209503,0.0419005,1.04751
Keq_0151,0.2,0.04,1
Km0299_0151,0.1,0.02,0.5
Km0403_0151,0.1,0.02,0.5
Km0725_0151,0.1,0.02,0.5
Vmax_0152,0.249261,0.0498521,1.2463
Keq_0152,0.88,0.176,4.4
Km0393_0152,0.1,0.02,0.5
Km0423_0152,0.44,0.088,2.2
Km0725_0152,0.1,0.02,0.5
Vmax_0153,0.747782,0.149556,3.73891
Keq_0153,0.126622,0.0253245,0.633112
Km0785_0153,0.975,0.195,4.875
Km0849_0153,0.162,0.0324,0.81
Km0973_0153,0.1,0.02,0.5
Km0393_0153,0.1,0.02,0.5
Km0739_0153,0.1,0.02,0.5
Km1322_0153,0.1,0.02,0.5
Vmax_0154,0.250165,0.0500329,1.25082
Keq_0154,0.601399,0.12028,3.00699
Km0298_0154,0.1,0.02,0.5
Km0434_0154,4.29,0.858,21.45
Km0201_0154,0.1,0.02,0.5
Km0394_0154,1.29,0.258,6.45
Vmax_0165,63.84,12.768,319.2
Keq_0165,10788.8,2157.77,53944.2
Km0359_0165,0.178,0.0356,0.89
Km1203_0165,0.0867,0.01734,0.4335
Km0680_0165,55.5,11.1,277.5
Km1198_0165,1.5,0.3,7.5
Vmax_0173,0.256195,0.051239,1.28098
Keq_0173,626.966,125.393,3134.83
Km0359_0173,0.178,0.0356,0.89
Km1207_0173,0.1,0.02,0.5
Km0362_0173,55.8,11.16,279
Km1212_0173,0.1,0.02,0.5
Vmax_0195,0.171932,0.0343865,0.859662
Keq_0195,0.125151,0.0250302,0.625756
Km0568_0195,0.193,0.0386,0.965
Km1543_0195,0.467,0.0934,2.335
Km0409_0195,0.02,0.004,0.1
Km1538_0195,0.282,0.0564,1.41
Vmax_0202,0.429508,0.0859016,2.14754
Keq_0202,2,0.4,10
Km0427_0202,0.1,0.02,0.5
Km1386_0202,0.1,0.02,0.5
Km0633_0202,0.1,0.02,0.5
Km1187_0202,0.1,0.02,0.5
Vmax_0203,0.118485,0.023697,0.592424
Keq_0203,3.14092,0.628184,15.7046
Km0515_0203,0.1,0.02,0.5
Km0999_0203,0.1,0.02,0.5
Km0427_0203,0.1,0.02,0.5
Km0991_0203,0.298,0.0596,1.49
Km1399_0203,0.527,0.1054,2.635
Vmax_0207,0.26159,0.052318,1.30795
Keq_0207,0.2,0.04,1
Km0015_0207,0.1,0.02,0.5
Km0725_0207,0.1,0.02,0.5
Km0965_0207,0.1,0.02,0.5
Vmax_0208,0.78477,0.156954,3.92385
Keq_0208,0.205128,0.0410256,1.02564
Km0434_0208,4.29,0.858,21.45
Km0973_0208,0.1,0.02,0.5
Km0979_0208,0.1,0.02,0.5
Km0015_0208,0.1,0.02,0.5
Km0423_0208,0.44,0.088,2.2
Km0633_0208,0.1,0.02,0.5
Vmax_0211,1.52184,0.304368,7.60919
Keq_0211,0.0611282,0.0122256,0.305641
Km0434_0211,4.29,0.858,21.45
Km0973_0211,0.1,0.02,0.5
Km0999_0211,0.1,0.02,0.5
Km0423_0211,0.44,0.088,2.2
Km0633_0211,0.1,0.02,0.5
Km0969_0211,0.1,0.02,0.5
Km0991_0211,0.298,0.0596,1.49
Vmax_0214,0.331273,0.0662546,1.65636
Keq_0214,2,0.4,10
Km0455_0214,0.1,0.02,0.5
Km0973_0214,0.1,0.02,0.5
Km1194_0214,0.1,0.02,0.5
Km1322_0214,0.1,0.02,0.5
Vmax_0215,1.1283,0.22566,5.64149
Keq_0215,0.601399,0.12028,3.00699
Km0434_0215,4.29,0.858,21.45
Km0973_0215,0.1,0.02,0.5
Km0295_0215,0.1,0.02,0.5
Km0394_0215,1.29,0.258,6.45
Vmax_0216,3.3944,0.67888,16.972
Keq_0216,1.1745,0.234899,5.87248
Km0991_0216,0.298,0.0596,1.49
Km1271_0216,0.1,0.02,0.5
Km0180_0216,0.175,0.035,0.875
Km0973_0216,0.1,0.02,0.5
Vmax_0219,1.77304,0.354608,8.8652
Keq_0219,0.2,0.04,1
Km0295_0219,0.1,0.02,0.5
Km1212_0219,0.1,0.02,0.5
Km0978_0219,0.1,0.02,0.5
Km1207_0219,0.1,0.02,0.5
Km1322_0219,0.1,0.02,0.5
Vmax_0225,0.201963,0.0403926,1.00981
Keq_0225,0.04662,0.00932401,0.2331
Km0434_0225,4.29,0.858,21.45
Km1386_0225,0.1,0.02,0.5
Km0326_0225,0.1,0.02,0.5
Km0633_0225,0.1,0.02,0.5
Vmax_0226,139.444,27.8888,697.22
Keq_0226,66.5116,13.3023,332.558
Km0394_0226,1.29,0.258,6.45
Km1322_0226,0.1,0.02,0.5
Km0434_0226,4.29,0.858,21.45
Vmax_0231,0.0183598,0.00367195,0.0917988
Keq_0231,2,0.4,10
Km0262_0231,0.1,0.02,0.5
Km1212_0231,0.1,0.02,0.5
Km0122_0231,0.1,0.02,0.5
Km1207_0231,0.1,0.02,0.5
Vmax_0233,0.027662,0.0055324,0.13831
Keq_0233,20,4,100
Km0664_0233,0.1,0.02,0.5
Km1212_0233,0.1,0.02,0.5
Km1275_0233,0.1,0.02,0.5
Km0662_0233,0.1,0.02,0.5
Km1207_0233,0.1,0.02,0.5
Vmax_0234,0.0286141,0.00572282,0.14307
Keq_0234,0.2,0.04,1
Km1207_0234,0.1,0.02,0.5
Km1578_0234,0.1,0.02,0.5
Km0456_0234,0.1,0.02,0.5
Km1212_0234,0.1,0.02,0.5
Km1579_0234,0.1,0.02,0.5
Vmax_0235,0.0286141,0.00572282,0.14307
Keq_0235,0.01156,0.002312,0.0578
Km0297_0235,0.1,0.02,0.5
Km1198_0235,1.5,0.3,7.5
Km0209_0235,0.1,0.02,0.5
Km0456_0235,0.1,0.02,0.5
Km1203_0235,0.0867,0.01734,0.4335
Vmax_0236,0.018209,0.00364179,0.0910448
Keq_0236,2,0.4,10
Km0209_0236,0.1,0.02,0.5
Km1212_0236,0.1,0.02,0.5
Km0296_0236,0.1,0.02,0.5
Km1207_0236,0.1,0.02,0.5
Vmax_0237,0.018209,0.00364179,0.0910448
Keq_0237,2,0.4,10
Km1212_0237,0.1,0.02,0.5
Km1579_0237,0.1,0.02,0.5
Km1207_0237,0.1,0.02,0.5
Km1569_0237,0.1,0.02,0.5
Vmax_0238,0.0286141,0.00572282,0.14307
Keq_0238,20,4,100
Km0296_0238,0.1,0.02,0.5
Km1212_0238,0.1,0.02,0.5
Km1275_0238,0.1,0.02,0.5
Km1207_0238,0.1,0.02,0.5
Km1576_0238,0.1,0.02,0.5
Vmax_0239,0.0286141,0.00572282,0.14307
Keq_0239,20,4,100
Km1212_0239,0.1,0.02,0.5
Km1275_0239,0.1,0.02,0.5
Km1576_0239,0.1,0.02,0.5
Km1207_0239,0.1,0.02,0.5
Km1577_0239,0.1,0.02,0.5
Vmax_0240,0.0286141,0.00572282,0.14307
Keq_0240,20,4,100
Km1212_0240,0.1,0.02,0.5
Km1275_0240,0.1,0.02,0.5
Km1577_0240,0.1,0.02,0.5
Km1207_0240,0.1,0.02,0.5
Km1578_0240,0.1,0.02,0.5
Vmax_0241,0.371983,0.0743966,1.85992
Keq_0241,2000,400,10000
Km0122_0241,0.1,0.02,0.5
Km1212_0241,0.1,0.02,0.5
Km1275_0241,0.1,0.02,0.5
Km0297_0241,0.1,0.02,0.5
Km1207_0241,0.1,0.02,0.5
Vmax_0242,0.027662,0.0055324,0.13831
Keq_0242,20,4,100
Km0657_0242,0.1,0.02,0.5
Km1212_0242,0.1,0.02,0.5
Km1275_0242,0.1,0.02,0.5
Km0664_0242,0.1,0.02,0.5
Km1207_0242,0.1,0.02,0.5
Vmax_0243,0.00765497,0.00153099,0.0382748
Keq_0243,2,0.4,10
Km0700_0243,0.1,0.02,0.5
Km0657_0243,0.1,0.02,0.5
Vmax_0244,0.0172665,0.00345329,0.0863324
Keq_0244,2,0.4,10
Km0662_0244,0.1,0.02,0.5
Km1212_0244,0.1,0.02,0.5
Km0666_0244,0.1,0.02,0.5
Km1207_0244,0.1,0.02,0.5
Vmax_0250,4.68321,0.936641,23.416
Keq_0250,0.0538904,0.0107781,0.269452
Km0434_0250,4.29,0.858,21.45
Km0445_0250,0.1,0.02,0.5
Km0999_0250,0.1,0.02,0.5
Km0394_0250,1.29,0.258,6.45
Km0455_0250,0.1,0.02,0.5
Km0991_0250,0.298,0.0596,1.49
Km1322_0250,0.1,0.02,0.5
Vmax_0257,0.0162072,0.00324144,0.0810359
Keq_0257,2,0.4,10
Km0539_0257,0.1,0.02,0.5
Km1331_0257,0.1,0.02,0.5
Km0471_0257,0.1,0.02,0.5
Km0633_0257,0.1,0.02,0.5
Vmax_0259,0.00113962,0.000227925,0.00569812
Keq_0259,20,4,100
Km0475_0259,0.1,0.02,0.5
Km1212_0259,0.1,0.02,0.5
Km1275_0259,0.1,0.02,0.5
Km0481_0259,0.1,0.02,0.5
Km1207_0259,0.1,0.02,0.5
Vmax_0267,0.00227925,0.000455849,0.0113962
Keq_0267,20,4,100
Km0481_0267,0.1,0.02,0.5
Km1212_0267,0.1,0.02,0.5
Km1275_0267,0.1,0.02,0.5
Km0493_0267,0.1,0.02,0.5
Km1207_0267,0.1,0.02,0.5
Vmax_0269,0.00227925,0.000455849,0.0113962
Keq_0269,20,4,100
Km0493_0269,0.1,0.02,0.5
Km1212_0269,0.1,0.02,0.5
Km1275_0269,0.1,0.02,0.5
Km0499_0269,0.1,0.02,0.5
Km1207_0269,0.1,0.02,0.5
Vmax_0278,0.242932,0.0485865,1.21466
Keq_0278,2,0.4,10
Km0515_0278,0.1,0.02,0.5
Km1377_0278,0.1,0.02,0.5
Vmax_0279,0.458744,0.0917488,2.29372
Keq_0279,0.2,0.04,1
Km0324_0279,0.1,0.02,0.5
Km0515_0279,0.1,0.02,0.5
Km1322_0279,0.1,0.02,0.5
Vmax_0280,1.20024,0.240047,6.00118
Keq_0280,2,0.4,10
Km0516_0280,0.1,0.02,0.5
Km0940_0280,0.1,0.02,0.5
Vmax_0300,2.80055,0.56011,14.0028
Keq_0300,2,0.4,10
Km0373_0300,0.1,0.02,0.5
Km1271_0300,0.1,0.02,0.5
Km0522_0300,0.1,0.02,0.5
Km0529_0300,0.1,0.02,0.5
Vmax_0302,1.20024,0.240047,6.00118
Keq_0302,2,0.4,10
Km0522_0302,0.1,0.02,0.5
Km0516_0302,0.1,0.02,0.5
Vmax_0307,0.295529,0.0591058,1.47765
Keq_0307,0.0926654,0.0185331,0.463327
Km0419_0307,0.1,0.02,0.5
Km0434_0307,4.29,0.858,21.45
Km1559_0307,0.649,0.1298,3.245
Km0394_0307,1.29,0.258,6.45
Km0539_0307,0.1,0.02,0.5
Km1322_0307,0.1,0.02,0.5
Vmax_0309,0.0412581,0.00825162,0.206291
Keq_0309,10,2,50
Km1012_0309,0.1,0.02,0.5
Km1039_0309,0.2,0.04,1
Km0980_0309,0.1,0.02,0.5
Vmax_0310,0.595502,0.1191,2.97751
Keq_0310,0.02,0.004,0.1
Km0980_0310,0.1,0.02,0.5
Km0178_0310,0.1,0.02,0.5
Km0419_0310,0.1,0.02,0.5
Km0981_0310,0.1,0.02,0.5
Vmax_0311,0.405407,0.0810813,2.02703
Keq_0311,1116,223.2,5580
Km0981_0311,0.1,0.02,0.5
Km1233_0311,0.1,0.02,0.5
Km0362_0311,55.8,11.16,279
Km0980_0311,0.1,0.02,0.5
Vmax_0312,0.0577614,0.0115523,0.288807
Keq_0312,1116,223.2,5580
Km0841_0312,0.1,0.02,0.5
Km1234_0312,0.1,0.02,0.5
Km0362_0312,55.8,11.16,279
Km0981_0312,0.1,0.02,0.5
Vmax_0317,0.417029,0.0834058,2.08514
Keq_0317,200,40,1000
Km1059_0317,0.1,0.02,0.5
Km1212_0317,0.1,0.02,0.5
Km1275_0317,0.1,0.02,0.5
Km0262_0317,0.1,0.02,0.5
Km0722_0317,0.1,0.02,0.5
Km1207_0317,0.1,0.02,0.5
Vmax_0326,0.002337,0.0004674,0.011685
Keq_0326,20,4,100
Km0419_0326,0.1,0.02,0.5
Km0654_0326,0.1,0.02,0.5
Km0589_0326,0.1,0.02,0.5
Vmax_0330,0.00654359,0.00130872,0.032718
Keq_0330,6.65116,1.33023,33.2558
Km0394_0330,1.29,0.258,6.45
Km0613_0330,0.1,0.02,0.5
Km0434_0330,4.29,0.858,21.45
Km0615_0330,0.1,0.02,0.5
Vmax_0336,0.0337197,0.00674394,0.168599
Keq_0336,2,0.4,10
Km0529_0336,0.1,0.02,0.5
Km1524_0336,0.1,0.02,0.5
Km0380_0336,0.1,0.02,0.5
Km0619_0336,0.1,0.02,0.5
Vmax_0337,0.000466197,9.32395e-05,0.00233099
Keq_0337,0.2,0.04,1
Km1331_0337,0.1,0.02,0.5
Km0619_0337,0.1,0.02,0.5
Km1322_0337,0.1,0.02,0.5
Vmax_0339,0.331273,0.0662546,1.65636
Keq_0339,2,0.4,10
Km0061_0339,0.1,0.02,0.5
Km1275_0339,0.1,0.02,0.5
Km0837_0339,0.1,0.02,0.5
Km1269_0339,0.1,0.02,0.5
Vmax_0340,0.00051801,0.000103602,0.00259005
Keq_0340,20,4,100
Km1084_0340,0.1,0.02,0.5
Km1445_0340,0.1,0.02,0.5
Km0475_0340,0.1,0.02,0.5
Vmax_0344,0.00966728,0.00193346,0.0483364
Keq_0344,2,0.4,10
Km0625_0344,0.1,0.02,0.5
Km1212_0344,0.1,0.02,0.5
Km1207_0344,0.1,0.02,0.5
Km1487_0344,0.1,0.02,0.5
Vmax_0349,0.141974,0.0283948,0.70987
Keq_0349,2,0.4,10
Km1194_0349,0.1,0.02,0.5
Km0061_0349,0.1,0.02,0.5
Vmax_0352,0.585115,0.117023,2.92557
Keq_0352,2,0.4,10
Km0016_0352,0.1,0.02,0.5
Km0232_0352,0.1,0.02,0.5
Vmax_0353,0.198501,0.0397001,0.992503
Keq_0353,2,0.4,10
Km0008_0353,0.1,0.02,0.5
Km0056_0353,0.1,0.02,0.5
Vmax_0355,0.0368919,0.00737837,0.184459
Keq_0355,2,0.4,10
Km0943_0355,0.1,0.02,0.5
Km1376_0355,0.1,0.02,0.5
Km0633_0355,0.1,0.02,0.5
Km0745_0355,0.1,0.02,0.5
Vmax_0361,2.21082,0.442164,11.0541
Keq_0361,2,0.4,10
Km0645_0361,0.1,0.02,0.5
Km0743_0361,0.1,0.02,0.5
Km0644_0361,0.1,0.02,0.5
Km0739_0361,0.1,0.02,0.5
Vmax_0362,1.57916,0.315831,7.89578
Keq_0362,0.2,0.04,1
Km0644_0362,0.1,0.02,0.5
Km0645_0362,0.1,0.02,0.5
Km1107_0362,0.1,0.02,0.5
Vmax_0364,0.0092422,0.00184844,0.046211
Keq_0364,0.2,0.04,1
Km0656_0364,0.1,0.02,0.5
Km0633_0364,0.1,0.02,0.5
Km0654_0364,0.1,0.02,0.5
Vmax_0366,17.5301,3.50602,87.6505
Keq_0366,18.1065,3.6213,90.5325
Km0188_0366,0.0169,0.00338,0.0845
Km1360_0366,0.153,0.0306,0.765
Vmax_0386,0.0048693,0.00097386,0.0243465
Keq_0386,0.2,0.04,1
Km0595_0386,0.1,0.02,0.5
Km1101_0386,0.1,0.02,0.5
Km1212_0386,0.1,0.02,0.5
Km0456_0386,0.1,0.02,0.5
Km0529_0386,0.1,0.02,0.5
Km1065_0386,0.1,0.02,0.5
Km1207_0386,0.1,0.02,0.5
Vmax_0387,0.0048693,0.00097386,0.0243465
Keq_0387,0.2,0.04,1
Km1065_0387,0.1,0.02,0.5
Km1101_0387,0.1,0.02,0.5
Km1212_0387,0.1,0.02,0.5
Km0456_0387,0.1,0.02,0.5
Km0529_0387,0.1,0.02,0.5
Km1161_0387,0.1,0.02,0.5
Km1207_0387,0.1,0.02,0.5
Vmax_0389,0.0048693,0.00097386,0.0243465
Keq_0389,0.2,0.04,1
Km1101_0389,0.1,0.02,0.5
Km1161_0389,0.1,0.02,0.5
Km1212_0389,0.1,0.02,0.5
Km0456_0389,0.1,0.02,0.5
Km0529_0389,0.1,0.02,0.5
Km1207_0389,0.1,0.02,0.5
Km1286_0389,0.1,0.02,0.5
Vmax_0391,0.0048693,0.00097386,0.0243465
Keq_0391,0.2,0.04,1
Km1101_0391,0.1,0.02,0.5
Km1212_0391,0.1,0.02,0.5
Km1286_0391,0.1,0.02,0.5
Km0456_0391,0.1,0.02,0.5
Km0529_0391,0.1,0.02,0.5
Km1207_0391,0.1,0.02,0.5
Km1449_0391,0.1,0.02,0.5
Vmax_0393,1.90939,0.381877,9.54693
Keq_0393,0.002,0.0004,0.01
Km1101_0393,0.1,0.02,0.5
Km1212_0393,0.1,0.02,0.5
Km1449_0393,0.1,0.02,0.5
Km0456_0393,0.1,0.02,0.5
Km0529_0393,0.1,0.02,0.5
Km1084_0393,0.1,0.02,0.5
Km1207_0393,0.1,0.02,0.5
Vmax_0397,0.680951,0.13619,3.40476
Keq_0397,0.2,0.04,1
Km1101_0397,0.1,0.02,0.5
Km1212_0397,0.1,0.02,0.5
Km1255_0397,0.1,0.02,0.5
Km0456_0397,0.1,0.02,0.5
Km0529_0397,0.1,0.02,0.5
Km0602_0397,0.1,0.02,0.5
Km1207_0397,0.1,0.02,0.5
Vmax_0398,133.51,26.702,667.55
Keq_0398,0.002,0.0004,0.01
Km0373_0398,0.1,0.02,0.5
Km1101_0398,0.1,0.02,0.5
Km1212_0398,0.1,0.02,0.5
Km0456_0398,0.1,0.02,0.5
Km0529_0398,0.1,0.02,0.5
Km1207_0398,0.1,0.02,0.5
Km1255_0398,0.1,0.02,0.5
Vmax_0399,0.212663,0.0425326,1.06331
Keq_0399,19.5,3.9,97.5
Km0423_0399,0.44,0.088,2.2
Km0602_0399,0.1,0.02,0.5
Km0633_0399,0.1,0.02,0.5
Km0434_0399,4.29,0.858,21.45
Km0529_0399,0.1,0.02,0.5
Km0595_0399,0.1,0.02,0.5
Vmax_0407,0.00155403,0.000310806,0.00777016
Keq_0407,19.5,3.9,97.5
Km0423_0407,0.44,0.088,2.2
Km0633_0407,0.1,0.02,0.5
Km1454_0407,0.1,0.02,0.5
Km0434_0407,4.29,0.858,21.45
Km0529_0407,0.1,0.02,0.5
Km1449_0407,0.1,0.02,0.5
Vmax_0432,0.0146079,0.00292158,0.0730395
Keq_0432,0.2,0.04,1
Km0602_0432,0.1,0.02,0.5
Km1101_0432,0.1,0.02,0.5
Km1212_0432,0.1,0.02,0.5
Km0456_0432,0.1,0.02,0.5
Km0529_0432,0.1,0.02,0.5
Km1073_0432,0.1,0.02,0.5
Km1207_0432,0.1,0.02,0.5
Vmax_0433,0.0146079,0.00292158,0.0730395
Keq_0433,0.2,0.04,1
Km1073_0433,0.1,0.02,0.5
Km1101_0433,0.1,0.02,0.5
Km1212_0433,0.1,0.02,0.5
Km0456_0433,0.1,0.02,0.5
Km0529_0433,0.1,0.02,0.5
Km1176_0433,0.1,0.02,0.5
Km1207_0433,0.1,0.02,0.5
Vmax_0434,0.0146079,0.00292158,0.0730395
Keq_0434,0.2,0.04,1
Km1101_0434,0.1,0.02,0.5
Km1176_0434,0.1,0.02,0.5
Km1212_0434,0.1,0.02,0.5
Km0456_0434,0.1,0.02,0.5
Km0529_0434,0.1,0.02,0.5
Km1207_0434,0.1,0.02,0.5
Km1302_0434,0.1,0.02,0.5
Vmax_0435,0.0048693,0.00097386,0.0243465
Keq_0435,0.2,0.04,1
Km1101_0435,0.1,0.02,0.5
Km1212_0435,0.1,0.02,0.5
Km1302_0435,0.1,0.02,0.5
Km0456_0435,0.1,0.02,0.5
Km0529_0435,0.1,0.02,0.5
Km1207_0435,0.1,0.02,0.5
Km1454_0435,0.1,0.02,0.5
Vmax_0438,133.133,26.6267,665.667
Keq_0438,20,4,100
Km0710_0438,0.1,0.02,0.5
Km1275_0438,0.1,0.02,0.5
Km0709_0438,0.1,0.02,0.5
Vmax_0439,0.948505,0.189701,4.74252
Keq_0439,2,0.4,10
Km0709_0439,0.1,0.02,0.5
Km1535_0439,0.1,0.02,0.5
Km0710_0439,0.1,0.02,0.5
Km1537_0439,0.1,0.02,0.5
Vmax_0445,0.573901,0.11478,2.8695
Keq_0445,0.1156,0.02312,0.578
Km0722_0445,0.1,0.02,0.5
Km1198_0445,1.5,0.3,7.5
Km0456_0445,0.1,0.02,0.5
Km1203_0445,0.0867,0.01734,0.4335
Vmax_0446,0.416061,0.0832121,2.0803
Keq_0446,6.65116,1.33023,33.2558
Km0120_0446,0.1,0.02,0.5
Km0394_0446,1.29,0.258,6.45
Km1322_0446,0.1,0.02,0.5
Km0434_0446,4.29,0.858,21.45
Km0722_0446,0.1,0.02,0.5
Km1487_0446,0.1,0.02,0.5
Vmax_0450,25.0072,5.00145,125.036
Keq_0450,0.0398435,0.0079687,0.199217
Km0555_0450,1.15,0.23,5.75
Km0629_0450,0.29,0.058,1.45
Km0764_0450,0.079,0.0158,0.395
Vmax_0451,0.432212,0.0864424,2.16106
Keq_0451,2,0.4,10
Km0725_0451,0.1,0.02,0.5
Km0066_0451,0.1,0.02,0.5
Vmax_0462,0.0368919,0.00737837,0.184459
Keq_0462,2,0.4,10
Km0745_0462,0.1,0.02,0.5
Km0943_0462,0.1,0.02,0.5
Km0190_0462,0.1,0.02,0.5
Km0633_0462,0.1,0.02,0.5
Vmax_0466,13.7906,2.75812,68.953
Keq_0466,1.03627,0.207254,5.18135
Km0568_0466,0.193,0.0386,0.965
Km1207_0466,0.1,0.02,0.5
Km0335_0466,0.1,0.02,0.5
Km1212_0466,0.1,0.02,0.5
Vmax_0467,14.3454,2.86908,71.7269
Keq_0467,0.610363,0.122073,3.05181
Km0568_0467,0.193,0.0386,0.965
Km0557_0467,0.0589,0.01178,0.2945
Vmax_0470,10.0719,2.01439,50.3596
Keq_0470,589.224,117.845,2946.12
Km0180_0470,0.175,0.035,0.875
Km0419_0470,0.1,0.02,0.5
Km1203_0470,0.0867,0.01734,0.4335
Km0991_0470,0.298,0.0596,1.49
Km1198_0470,1.5,0.3,7.5
Vmax_0471,10.0719,2.01439,50.3596
Keq_0471,34.0571,6.81143,170.286
Km0180_0471,0.175,0.035,0.875
Km0419_0471,0.1,0.02,0.5
Km1212_0471,0.1,0.02,0.5
Km0991_0471,0.298,0.0596,1.49
Km1207_0471,0.1,0.02,0.5
Vmax_0476,6.19847,1.23969,30.9923
Keq_0476,0.201812,0.0403623,1.00906
Km0419_0476,0.1,0.02,0.5
Km0434_0476,4.29,0.858,21.45
Km0991_0476,0.298,0.0596,1.49
Km0394_0476,1.29,0.258,6.45
Km0999_0476,0.1,0.02,0.5
Km1322_0476,0.1,0.02,0.5
Vmax_0481,0.260286,0.0520572,1.30143
Keq_0481,0.2,0.04,1
Km0754_0481,0.1,0.02,0.5
Km1212_0481,0.1,0.02,0.5
Km0750_0481,0.1,0.02,0.5
Km1207_0481,0.1,0.02,0.5
Vmax_0483,0.212961,0.0425922,1.06481
Keq_0483,200,40,1000
Km0750_0483,0.1,0.02,0.5
Km0837_0483,0.1,0.02,0.5
Km0754_0483,0.1,0.02,0.5
Vmax_0486,68.0635,13.6127,340.317
Keq_0486,0.0107845,0.00215689,0.0539223
Km0764_0486,0.079,0.0158,0.395
Km1198_0486,1.5,0.3,7.5
Km1322_0486,0.1,0.02,0.5
Km0075_0486,0.000737,0.0001474,0.003685
Km1203_0486,0.0867,0.01734,0.4335
Vmax_0489,0.311,0.0622,1.555
Keq_0489,0.437956,0.0875912,2.18978
Km0767_0489,0.0685,0.0137,0.3425
Km0765_0489,0.15,0.03,0.75
Km1322_0489,0.1,0.02,0.5
Vmax_0491,0.45226,0.090452,2.2613
Keq_0491,8.17325,1.63465,40.8662
Km0629_0491,0.29,0.058,1.45
Km1203_0491,0.0867,0.01734,0.4335
Km0767_0491,0.0685,0.0137,0.3425
Km1198_0491,1.5,0.3,7.5
Vmax_0495,0.0168599,0.00337197,0.0842993
Keq_0495,2.91971,0.583942,14.5985
Km0380_0495,0.1,0.02,0.5
Km0767_0495,0.0685,0.0137,0.3425
Km0082_0495,0.1,0.02,0.5
Km0529_0495,0.1,0.02,0.5
Vmax_0499,0.293304,0.0586608,1.46652
Keq_0499,2,0.4,10
Km0120_0499,0.1,0.02,0.5
Km0325_0499,0.1,0.02,0.5
Km0301_0499,0.1,0.02,0.5
Km1487_0499,0.1,0.02,0.5
Vmax_0502,1.16848,0.233695,5.84238
Keq_0502,1.95,0.39,9.75
Km1039_0502,0.2,0.04,1
Km1487_0502,0.1,0.02,0.5
Km0306_0502,0.1,0.02,0.5
Km1003_0502,0.195,0.039,0.975
Vmax_0510,0.998273,0.199655,4.99137
Keq_0510,0.120771,0.0241542,0.603854
Km1543_0510,0.467,0.0934,2.335
Km0773_0510,0.1,0.02,0.5
Km1538_0510,0.282,0.0564,1.41
Vmax_0514,0.480706,0.0961412,2.40353
Keq_0514,0.124751,0.0249503,0.623757
Km0434_0514,4.29,0.858,21.45
Km0999_0514,0.1,0.02,0.5
Km1565_0514,0.049,0.0098,0.245
Km0423_0514,0.44,0.088,2.2
Km0633_0514,0.1,0.02,0.5
Km0782_0514,0.1,0.02,0.5
Km0991_0514,0.298,0.0596,1.49
Vmax_0525,0.003116,0.000623199,0.01558
Keq_0525,0.00205128,0.000410256,0.0102564
Km0785_0525,0.975,0.195,4.875
Km0141_0525,0.1,0.02,0.5
Km0633_0525,0.1,0.02,0.5
Km0722_0525,0.1,0.02,0.5
Vmax_0528,0.00448357,0.000896715,0.0224179
Keq_0528,0.601399,0.12028,3.00699
Km0434_0528,4.29,0.858,21.45
Km0782_0528,0.1,0.02,0.5
Km0394_0528,1.29,0.258,6.45
Km0739_0528,0.1,0.02,0.5
Vmax_0529,0.00448357,0.000896715,0.0224179
Keq_0529,1.14286,0.228571,5.71429
Km0586_0529,0.175,0.035,0.875
Km0782_0529,0.1,0.02,0.5
Km0582_0529,0.1,0.02,0.5
Km0739_0529,0.1,0.02,0.5
Vmax_0534,52.08,10.416,260.4
Keq_0534,0.0739299,0.014786,0.369649
Km0434_0534,4.29,0.858,21.45
Km0563_0534,1.57,0.314,7.85
Km0394_0534,1.29,0.258,6.45
Km0568_0534,0.193,0.0386,0.965
Vmax_0536,0.432777,0.0865555,2.16389
Keq_0536,0.00668168,0.00133634,0.0334084
Km1010_0536,0.1,0.02,0.5
Km1198_0536,1.5,0.3,7.5
Km1006_0536,0.1,0.02,0.5
Km1203_0536,0.0867,0.01734,0.4335
Vmax_0537,0.144259,0.0288518,0.721296
Keq_0537,0.2,0.04,1
Km1011_0537,0.1,0.02,0.5
Km1010_0537,0.1,0.02,0.5
Km1322_0537,0.1,0.02,0.5
Vmax_0538,0.201963,0.0403926,1.00981
Keq_0538,1.1745,0.234899,5.87248
Km0207_0538,0.1,0.02,0.5
Km0991_0538,0.298,0.0596,1.49
Km0180_0538,0.175,0.035,0.875
Km1011_0538,0.1,0.02,0.5
Vmax_0542,0.275823,0.0551647,1.37912
Keq_0542,2,0.4,10
Km0454_0542,0.1,0.02,0.5
Km0836_0542,0.1,0.02,0.5
Vmax_0543,0.643588,0.128718,3.21794
Keq_0543,1.14286,0.228571,5.71429
Km0180_0543,0.175,0.035,0.875
Km0373_0543,0.1,0.02,0.5
Km0529_0543,0.1,0.02,0.5
Km0835_0543,0.1,0.02,0.5
Vmax_0545,1.01135,0.202271,5.05676
Keq_0545,0.01156,0.002312,0.0578
Km0836_0545,0.1,0.02,0.5
Km1198_0545,1.5,0.3,7.5
Km0176_0545,0.1,0.02,0.5
Km1203_0545,0.0867,0.01734,0.4335
Km0456_0545,0.1,0.02,0.5
Vmax_0547,1.1283,0.22566,5.64149
Keq_0547,2,0.4,10
Km0978_0547,0.1,0.02,0.5
Km1212_0547,0.1,0.02,0.5
Km1014_0547,0.1,0.02,0.5
Km1207_0547,0.1,0.02,0.5
Vmax_0548,0.530489,0.106098,2.65244
Keq_0548,0.601399,0.12028,3.00699
Km0434_0548,4.29,0.858,21.45
Km1014_0548,0.1,0.02,0.5
Km0394_0548,1.29,0.258,6.45
Km1238_0548,0.1,0.02,0.5
Vmax_0549,0.59781,0.119562,2.98905
Keq_0549,2,0.4,10
Km0373_0549,0.1,0.02,0.5
Km1014_0549,0.1,0.02,0.5
Km0529_0549,0.1,0.02,0.5
Km1233_0549,0.1,0.02,0.5
Vmax_0550,0.118312,0.0236623,0.591559
Keq_0550,20,4,100
Km0837_0550,0.1,0.02,0.5
Km1616_0550,0.1,0.02,0.5
Km1620_0550,0.1,0.02,0.5
Vmax_0553,18.0455,3.6091,90.2276
Keq_0553,0.2,0.04,1
Km0033_0553,0.1,0.02,0.5
Km0025_0553,0.1,0.02,0.5
Km0750_0553,0.1,0.02,0.5
Vmax_0558,0.363648,0.0727297,1.81824
Keq_0558,0.2,0.04,1
Km0218_0558,0.1,0.02,0.5
Km1212_0558,0.1,0.02,0.5
Km0028_0558,0.1,0.02,0.5
Km0529_0558,0.1,0.02,0.5
Km1207_0558,0.1,0.02,0.5
Vmax_0559,0.110676,0.0221351,0.553378
Keq_0559,2,0.4,10
Km0367_0559,0.1,0.02,0.5
Km0373_0559,0.1,0.02,0.5
Km0218_0559,0.1,0.02,0.5
Km0529_0559,0.1,0.02,0.5
Vmax_0563,0.31737,0.063474,1.58685
Keq_0563,0.596,0.1192,2.98
Km0312_0563,0.1,0.02,0.5
Km0999_0563,0.1,0.02,0.5
Km0403_0563,0.1,0.02,0.5
Km0550_0563,0.1,0.02,0.5
Km0991_0563,0.298,0.0596,1.49
Vmax_0564,0.0865555,0.0173111,0.432777
Keq_0564,2,0.4,10
Km0550_0564,0.1,0.02,0.5
Km0207_0564,0.1,0.02,0.5
Vmax_0565,0.146302,0.0292604,0.731509
Keq_0565,0.0349654,0.00699309,0.174827
Km0849_0565,0.162,0.0324,0.81
Km1198_0565,1.5,0.3,7.5
Km1203_0565,0.0867,0.01734,0.4335
Km1565_0565,0.049,0.0098,0.245
Vmax_0566,0.306791,0.0613583,1.53396
Keq_0566,0.2,0.04,1
Km0076_0566,0.1,0.02,0.5
Km0086_0566,0.1,0.02,0.5
Km0456_0566,0.1,0.02,0.5
Vmax_0568,6.69113,1.33823,33.4557
Keq_0568,0.2,0.04,1
Km0633_0568,0.1,0.02,0.5
Km1322_0568,0.1,0.02,0.5
Vmax_0570,0.212257,0.0424514,1.06129
Keq_0570,3.24,0.648,16.2
Km1365_0570,0.1,0.02,0.5
Km0849_0570,0.162,0.0324,0.81
Vmax_0594,0.00145043,0.000290086,0.00725215
Keq_0594,2,0.4,10
Km0089_0594,0.1,0.02,0.5
Km0499_0594,0.1,0.02,0.5
Km0619_0594,0.1,0.02,0.5
Km0918_0594,0.1,0.02,0.5
Vmax_0658,2.20043,0.440086,11.0022
Keq_0658,0.02023,0.004046,0.10115
Km0940_0658,0.1,0.02,0.5
Km1198_0658,1.5,0.3,7.5
Km0180_0658,0.175,0.035,0.875
Km0456_0658,0.1,0.02,0.5
Km1203_0658,0.0867,0.01734,0.4335
Vmax_0661,2.20043,0.440086,11.0022
Keq_0661,0.35,0.07,1.75
Km0940_0661,0.1,0.02,0.5
Km1207_0661,0.1,0.02,0.5
Km0180_0661,0.175,0.035,0.875
Km0456_0661,0.1,0.02,0.5
Km1212_0661,0.1,0.02,0.5
Vmax_0663,0.463168,0.0926336,2.31584
Keq_0663,1.1745,0.234899,5.87248
Km0056_0663,0.1,0.02,0.5
Km0991_0663,0.298,0.0596,1.49
Km0180_0663,0.175,0.035,0.875
Km1016_0663,0.1,0.02,0.5
Vmax_0667,0.0158108,0.00316216,0.079054
Keq_0667,2,0.4,10
Km0943_0667,0.1,0.02,0.5
Km1376_0667,0.1,0.02,0.5
Vmax_0669,0.463168,0.0926336,2.31584
Keq_0669,2,0.4,10
Km0039_0669,0.1,0.02,0.5
Km1212_0669,0.1,0.02,0.5
Km0008_0669,0.1,0.02,0.5
Km1207_0669,0.1,0.02,0.5
Vmax_0670,0.252935,0.0505869,1.26467
Keq_0670,0.01906,0.003812,0.0953
Km1020_0670,0.1,0.02,0.5
Km0427_0670,0.1,0.02,0.5
Km0955_0670,0.00953,0.001906,0.04765
Vmax_0674,0.607234,0.121447,3.03617
Keq_0674,0.021239,0.0042478,0.106195
Km0991_0674,0.298,0.0596,1.49
Km1399_0674,0.527,0.1054,2.635
Km0180_0674,0.175,0.035,0.875
Km0955_0674,0.00953,0.001906,0.04765
Vmax_0678,0.643588,0.128718,3.21794
Keq_0678,2,0.4,10
Km0953_0678,0.1,0.02,0.5
Km1212_0678,0.1,0.02,0.5
Km0959_0678,0.1,0.02,0.5
Km1207_0678,0.1,0.02,0.5
Vmax_0688,13.9504,2.79008,69.7519
Keq_0688,2,0.4,10
Km1151_0688,0.1,0.02,0.5
Km1212_0688,0.1,0.02,0.5
Km0062_0688,0.1,0.02,0.5
Km1207_0688,0.1,0.02,0.5
Vmax_0694,0.252935,0.0505869,1.26467
Keq_0694,20,4,100
Km1048_0694,0.1,0.02,0.5
Km1275_0694,0.1,0.02,0.5
Km1195_0694,0.1,0.02,0.5
Vmax_0696,13.9504,2.79008,69.7519
Keq_0696,0.1156,0.02312,0.578
Km0062_0696,0.1,0.02,0.5
Km1198_0696,1.5,0.3,7.5
Km0063_0696,0.1,0.02,0.5
Km1203_0696,0.0867,0.01734,0.4335
Vmax_0697,18.0455,3.6091,90.2276
Keq_0697,20,4,100
Km0750_0697,0.1,0.02,0.5
Km1151_0697,0.1,0.02,0.5
Km0033_0697,0.1,0.02,0.5
Vmax_0698,0.0079054,0.00158108,0.039527
Keq_0698,2,0.4,10
Km0037_0698,0.1,0.02,0.5
Km1059_0698,0.1,0.02,0.5
Vmax_0699,0.673209,0.134642,3.36605
Keq_0699,1.1745,0.234899,5.87248
Km0291_0699,0.1,0.02,0.5
Km0991_0699,0.298,0.0596,1.49
Km0180_0699,0.175,0.035,0.875
Km1021_0699,0.1,0.02,0.5
Vmax_0713,1.00849,0.201699,5.04247
Keq_0713,0.1156,0.02312,0.578
Km0066_0713,0.1,0.02,0.5
Km1198_0713,1.5,0.3,7.5
Km1203_0713,0.0867,0.01734,0.4335
Km1271_0713,0.1,0.02,0.5
Vmax_0722,2.21082,0.442164,11.0541
Keq_0722,0.205128,0.0410256,1.02564
Km0573_0722,0.1,0.02,0.5
Km0785_0722,0.975,0.195,4.875
Km0633_0722,0.1,0.02,0.5
Km0743_0722,0.1,0.02,0.5
Vmax_0723,0.947494,0.189499,4.73747
Keq_0723,3.39559,0.679117,16.9779
Km0557_0723,0.0589,0.01178,0.2945
Km0574_0723,0.1,0.02,0.5
Vmax_0724,0.421171,0.0842342,2.10585
Keq_0724,2,0.4,10
Km0304_0724,0.1,0.02,0.5
Km0120_0724,0.1,0.02,0.5
Vmax_0726,0.0651116,0.0130223,0.325558
Keq_0726,0.004662,0.000932401,0.02331
Km0434_0726,4.29,0.858,21.45
Km1029_0726,0.1,0.02,0.5
Km0633_0726,0.1,0.02,0.5
Km1322_0726,0.1,0.02,0.5
Km1416_0726,0.1,0.02,0.5
Vmax_0727,0.176077,0.0352153,0.880383
Keq_0727,2,0.4,10
Km0322_0727,0.1,0.02,0.5
Km1012_0727,0.1,0.02,0.5
Km1029_0727,0.1,0.02,0.5
Km1487_0727,0.1,0.02,0.5
Vmax_0731,0.491366,0.0982732,2.45683
Keq_0731,0.1156,0.02312,0.578
Km0306_0731,0.1,0.02,0.5
Km1198_0731,1.5,0.3,7.5
Km0304_0731,0.1,0.02,0.5
Km1203_0731,0.0867,0.01734,0.4335
Vmax_0732,0.491366,0.0982732,2.45683
Keq_0732,2,0.4,10
Km0306_0732,0.1,0.02,0.5
Km1207_0732,0.1,0.02,0.5
Km0304_0732,0.1,0.02,0.5
Km1212_0732,0.1,0.02,0.5
Vmax_0736,0.110676,0.0221351,0.553378
Keq_0736,2,0.4,10
Km0028_0736,0.1,0.02,0.5
Km0539_0736,0.1,0.02,0.5
Km0019_0736,0.1,0.02,0.5
Km0467_0736,0.1,0.02,0.5
Vmax_0739,0.300405,0.060081,1.50203
Keq_0739,0.00601399,0.0012028,0.0300699
Km0018_0739,0.1,0.02,0.5
Km0434_0739,4.29,0.858,21.45
Km0394_0739,1.29,0.258,6.45
Km0456_0739,0.1,0.02,0.5
Km0943_0739,0.1,0.02,0.5
Km1322_0739,0.1,0.02,0.5
Vmax_0757,0.00397891,0.000795781,0.0198945
Keq_0757,0.2,0.04,1
Km0126_0757,0.1,0.02,0.5
Km1153_0757,0.1,0.02,0.5
Km1322_0757,0.1,0.02,0.5
Vmax_0758,0.00238734,0.000477469,0.0119367
Keq_0758,1.03627,0.207254,5.18135
Km0568_0758,0.193,0.0386,0.965
Km0126_0758,0.1,0.02,0.5
Vmax_0759,0.575498,0.1151,2.87749
Keq_0759,0.2,0.04,1
Km1191_0759,0.1,0.02,0.5
Km1212_0759,0.1,0.02,0.5
Km0145_0759,0.1,0.02,0.5
Km1207_0759,0.1,0.02,0.5
Km1322_0759,0.1,0.02,0.5
Vmax_0762,0.252935,0.0505869,1.26467
Keq_0762,0.2,0.04,1
Km1195_0762,0.1,0.02,0.5
Km0722_0762,0.1,0.02,0.5
Km1020_0762,0.1,0.02,0.5
Vmax_0770,0.442636,0.0885271,2.21318
Keq_0770,34.6021,6.92042,173.01
Km1203_0770,0.0867,0.01734,0.4335
Km1537_0770,0.1,0.02,0.5
Km1198_0770,1.5,0.3,7.5
Km1535_0770,0.1,0.02,0.5
Vmax_0792,0.0845962,0.0169192,0.422981
Keq_0792,0.2,0.04,1
Km0467_0792,0.1,0.02,0.5
Km0526_0792,0.1,0.02,0.5
Km1322_0792,0.1,0.02,0.5
Vmax_0800,2.56221,0.512441,12.811
Keq_0800,5.86364,1.17273,29.3182
Km0434_0800,4.29,0.858,21.45
Km0739_0800,0.1,0.02,0.5
Km0394_0800,1.29,0.258,6.45
Km0785_0800,0.975,0.195,4.875
Vmax_0806,0.00787919,0.00157584,0.039396
Keq_0806,0.2,0.04,1
Km0539_0806,0.1,0.02,0.5
Km0467_0806,0.1,0.02,0.5
Km1322_0806,0.1,0.02,0.5
Vmax_0811,4.7902,0.95804,23.951
Keq_0811,1.38407,0.276814,6.92035
Km0434_0811,4.29,0.858,21.45
Km1538_0811,0.282,0.0564,1.41
Km0394_0811,1.29,0.258,6.45
Km1559_0811,0.649,0.1298,3.245
Vmax_0813,0.192403,0.0384806,0.962016
Keq_0813,1116,223.2,5580
Km0841_0813,0.1,0.02,0.5
Km1233_0813,0.1,0.02,0.5
Km0362_0813,55.8,11.16,279
Km1012_0813,0.1,0.02,0.5
Vmax_0816,0.366226,0.0732452,1.83113
Keq_0816,2,0.4,10
Km0455_0816,0.1,0.02,0.5
Km1266_0816,0.1,0.02,0.5
Km0979_0816,0.1,0.02,0.5
Km1322_0816,0.1,0.02,0.5
Vmax_0818,0.366226,0.0732452,1.83113
Keq_0818,0.671141,0.134228,3.3557
Km0991_0818,0.298,0.0596,1.49
Km1182_0818,0.1,0.02,0.5
Km1192_0818,0.1,0.02,0.5
Km1266_0818,0.1,0.02,0.5
Vmax_0820,0.331273,0.0662546,1.65636
Keq_0820,2,0.4,10
Km1269_0820,0.1,0.02,0.5
Km1386_0820,0.1,0.02,0.5
Km0633_0820,0.1,0.02,0.5
Km1270_0820,0.1,0.02,0.5
Vmax_0821,0.236623,0.0473247,1.18312
Keq_0821,0.2,0.04,1
Km1270_0821,0.1,0.02,0.5
Km0456_0821,0.1,0.02,0.5
Km1545_0821,0.1,0.02,0.5
Vmax_0851,0.306983,0.0613967,1.53492
Keq_0851,1.1745,0.234899,5.87248
Km0951_0851,0.1,0.02,0.5
Km0991_0851,0.298,0.0596,1.49
Km0180_0851,0.175,0.035,0.875
Km1032_0851,0.1,0.02,0.5
Vmax_0855,0.460906,0.0921812,2.30453
Keq_0855,0.0601399,0.012028,0.300699
Km0302_0855,0.1,0.02,0.5
Km0434_0855,4.29,0.858,21.45
Km0300_0855,0.1,0.02,0.5
Km0394_0855,1.29,0.258,6.45
Km1322_0855,0.1,0.02,0.5
Vmax_0858,0.00775537,0.00155107,0.0387769
Keq_0858,2,0.4,10
Km1351_0858,0.1,0.02,0.5
Km1416_0858,0.1,0.02,0.5
Km1343_0858,0.1,0.02,0.5
Km1413_0858,0.1,0.02,0.5
Vmax_0874,0.00557047,0.00111409,0.0278523
Keq_0874,2,0.4,10
Km0471_0874,0.1,0.02,0.5
Km1153_0874,0.1,0.02,0.5
Km0089_0874,0.1,0.02,0.5
Km0526_0874,0.1,0.02,0.5
Vmax_0877,0.0068802,0.00137604,0.034401
Keq_0877,0.2,0.04,1
Km1337_0877,0.1,0.02,0.5
Km0456_0877,0.1,0.02,0.5
Km1351_0877,0.1,0.02,0.5
Vmax_0880,0.0106367,0.00212734,0.0531835
Keq_0880,1,0.2,5
Km0471_0880,0.1,0.02,0.5
Km1039_0880,0.2,0.04,1
Km0526_0880,0.1,0.02,0.5
Km1337_0880,0.1,0.02,0.5
Vmax_0883,0.393116,0.0786231,1.96558
Keq_0883,0.2,0.04,1
Km0201_0883,0.1,0.02,0.5
Km1616_0883,0.1,0.02,0.5
Km0390_0883,0.1,0.02,0.5
Km1469_0883,0.1,0.02,0.5
Km1620_0883,0.1,0.02,0.5
Vmax_0886,35.0101,7.00203,175.051
Keq_0886,11.7421,2.34842,58.7104
Km0434_0886,4.29,0.858,21.45
Km0557_0886,0.0589,0.01178,0.2945
Km0394_0886,1.29,0.258,6.45
Km0555_0886,1.15,0.23,5.75
Vmax_0887,4.39065,0.87813,21.9533
Keq_0887,0.601399,0.12028,3.00699
Km0434_0887,4.29,0.858,21.45
Km1427_0887,0.1,0.02,0.5
Km0394_0887,1.29,0.258,6.45
Km1426_0887,0.1,0.02,0.5
Vmax_0888,1.98829,0.397658,9.94146
Keq_0888,1.39896,0.279793,6.99482
Km0568_0888,0.193,0.0386,0.965
Km0567_0888,0.135,0.027,0.675
Vmax_0889,21.671,4.33419,108.355
Keq_0889,0.2,0.04,1
Km0340_0889,0.1,0.02,0.5
Km1207_0889,0.1,0.02,0.5
Km0456_0889,0.1,0.02,0.5
Km0577_0889,0.1,0.02,0.5
Km1212_0889,0.1,0.02,0.5
Vmax_0891,2.40957,0.481915,12.0479
Keq_0891,0.0988034,0.0197607,0.494017
Km0260_0891,0.117,0.0234,0.585
Km1198_0891,1.5,0.3,7.5
Km0258_0891,0.1,0.02,0.5
Km1203_0891,0.0867,0.01734,0.4335
Vmax_0892,43.3131,8.66262,216.566
Keq_0892,1055.88,211.177,5279.42
Km0075_0892,0.000737,0.0001474,0.003685
Km0394_0892,1.29,0.258,6.45
Km0260_0892,0.117,0.0234,0.585
Km0434_0892,4.29,0.858,21.45
Vmax_0893,17.5301,3.50602,87.6505
Keq_0893,0.288889,0.0577778,1.44444
Km0260_0893,0.117,0.0234,0.585
Km0188_0893,0.0169,0.00338,0.0845
Vmax_0900,0.00775537,0.00155107,0.0387769
Keq_0900,2,0.4,10
Km1342_0900,0.1,0.02,0.5
Km1416_0900,0.1,0.02,0.5
Km1346_0900,0.1,0.02,0.5
Km1413_0900,0.1,0.02,0.5
Vmax_0901,0.00775537,0.00155107,0.0387769
Keq_0901,2,0.4,10
Km1343_0901,0.1,0.02,0.5
Km1416_0901,0.1,0.02,0.5
Km1342_0901,0.1,0.02,0.5
Km1413_0901,0.1,0.02,0.5
Vmax_0902,0.947494,0.189499,4.73747
Keq_0902,2,0.4,10
Km0574_0902,0.1,0.02,0.5
Km0573_0902,0.1,0.02,0.5
Vmax_0904,0.110676,0.0221351,0.553378
Keq_0904,0.601399,0.12028,3.00699
Km0019_0904,0.1,0.02,0.5
Km0434_0904,4.29,0.858,21.45
Km0018_0904,0.1,0.02,0.5
Km0394_0904,1.29,0.258,6.45
Vmax_0908,0.628508,0.125702,3.14254
Keq_0908,0.601399,0.12028,3.00699
Km0434_0908,4.29,0.858,21.45
Km0973_0908,0.1,0.02,0.5
Km1364_0908,0.1,0.02,0.5
Km0299_0908,0.1,0.02,0.5
Km0394_0908,1.29,0.258,6.45
Km1322_0908,0.1,0.02,0.5
Vmax_0909,0.0865555,0.0173111,0.432777
Keq_0909,2,0.4,10
Km0078_0909,0.1,0.02,0.5
Km0077_0909,0.1,0.02,0.5
Vmax_0910,0.144259,0.0288518,0.721296
Keq_0910,0.2,0.04,1
Km0326_0910,0.1,0.02,0.5
Km0078_0910,0.1,0.02,0.5
Km0633_0910,0.1,0.02,0.5
Vmax_0911,0.628508,0.125702,3.14254
Keq_0911,0.601399,0.12028,3.00699
Km0300_0911,0.1,0.02,0.5
Km0456_0911,0.1,0.02,0.5
Km0434_0911,4.29,0.858,21.45
Km1364_0911,0.1,0.02,0.5
Km0394_0911,1.29,0.258,6.45
Km1322_0911,0.1,0.02,0.5
Vmax_0912,0.495267,0.0990533,2.47633
Keq_0912,2,0.4,10
Km0120_0912,0.1,0.02,0.5
Km0403_0912,0.1,0.02,0.5
Km1365_0912,0.1,0.02,0.5
Km1487_0912,0.1,0.02,0.5
Vmax_0913,0.184075,0.036815,0.920374
Keq_0913,2,0.4,10
Km1187_0913,0.1,0.02,0.5
Km0076_0913,0.1,0.02,0.5
Vmax_0914,0.628508,0.125702,3.14254
Keq_0914,0.30841,0.0616819,1.54205
Km0327_0914,0.1,0.02,0.5
Km0434_0914,4.29,0.858,21.45
Km1003_0914,0.195,0.039,0.975
Km0325_0914,0.1,0.02,0.5
Km0394_0914,1.29,0.258,6.45
Km1322_0914,0.1,0.02,0.5
Vmax_0915,0.460906,0.0921812,2.30453
Keq_0915,0.596,0.1192,2.98
Km0999_0915,0.1,0.02,0.5
Km1386_0915,0.1,0.02,0.5
Km0327_0915,0.1,0.02,0.5
Km0633_0915,0.1,0.02,0.5
Km0991_0915,0.298,0.0596,1.49
Vmax_0916,1.25605,0.251209,6.28024
Keq_0916,0.205128,0.0410256,1.02564
Km0434_0916,4.29,0.858,21.45
Km1408_0916,0.1,0.02,0.5
Km0423_0916,0.44,0.088,2.2
Km1386_0916,0.1,0.02,0.5
Vmax_0917,1.72112,0.344225,8.60562
Keq_0917,13.4228,2.68456,67.1141
Km0259_0917,0.00298,0.000596,0.0149
Km1039_0917,0.2,0.04,1
Km1322_0917,0.1,0.02,0.5
Vmax_0918,2.40957,0.481915,12.0479
Keq_0918,0.035,0.007,0.175
Km0258_0918,0.1,0.02,0.5
Km0991_0918,0.298,0.0596,1.49
Km0180_0918,0.175,0.035,0.875
Km0259_0918,0.00298,0.000596,0.0149
Vmax_0919,0.00051801,0.000103602,0.00259005
Keq_0919,20,4,100
Km1084_0919,0.1,0.02,0.5
Km1366_0919,0.1,0.02,0.5
Km0481_0919,0.1,0.02,0.5
Vmax_0922,0.00113962,0.000227925,0.00569812
Keq_0922,20,4,100
Km1212_0922,0.1,0.02,0.5
Km1275_0922,0.1,0.02,0.5
Km1445_0922,0.1,0.02,0.5
Km1207_0922,0.1,0.02,0.5
Km1366_0922,0.1,0.02,0.5
Vmax_0938,0.219274,0.0438548,1.09637
Keq_0938,0.2,0.04,1
Km1377_0938,0.1,0.02,0.5
Km0456_0938,0.1,0.02,0.5
Km0951_0938,0.1,0.02,0.5
Vmax_0939,0.408349,0.0816699,2.04175
Keq_0939,0.2,0.04,1
Km1207_0939,0.1,0.02,0.5
Km1377_0939,0.1,0.02,0.5
Km0204_0939,0.1,0.02,0.5
Km0456_0939,0.1,0.02,0.5
Km1212_0939,0.1,0.02,0.5
Vmax_0957,0.347376,0.0694752,1.73688
Keq_0957,2,0.4,10
Km0118_0957,0.1,0.02,0.5
Km1212_0957,0.1,0.02,0.5
Km1035_0957,0.1,0.02,0.5
Km1207_0957,0.1,0.02,0.5
Vmax_0958,11.1138,2.22277,55.5692
Keq_0958,0.114117,0.0228235,0.570587
Km0434_0958,4.29,0.858,21.45
Km0445_0958,0.1,0.02,0.5
Km1399_0958,0.527,0.1054,2.635
Km0394_0958,1.29,0.258,6.45
Km1271_0958,0.1,0.02,0.5
Km1322_0958,0.1,0.02,0.5
Vmax_0959,45.783,9.1566,228.915
Keq_0959,0.0675522,0.0135104,0.337761
Km1399_0959,0.527,0.1054,2.635
Km0359_0959,0.178,0.0356,0.89
Km0456_0959,0.1,0.02,0.5
Vmax_0961,12.4821,2.49642,62.4104
Keq_0961,0.0219355,0.0043871,0.109677
Km0529_0961,0.1,0.02,0.5
Km1198_0961,1.5,0.3,7.5
Km1399_0961,0.527,0.1054,2.635
Km0373_0961,0.1,0.02,0.5
Km0456_0961,0.1,0.02,0.5
Km1203_0961,0.0867,0.01734,0.4335
Vmax_0962,39.6191,7.92381,198.095
Keq_0962,22.9096,4.58191,114.548
Km0394_0962,1.29,0.258,6.45
Km1360_0962,0.153,0.0306,0.765
Km0434_0962,4.29,0.858,21.45
Km1399_0962,0.527,0.1054,2.635
Vmax_0967,0.00484711,0.000969421,0.0242355
Keq_0967,2,0.4,10
Km0158_0967,0.1,0.02,0.5
Km0314_0967,0.1,0.02,0.5
Km0328_0967,0.1,0.02,0.5
Km1322_0967,0.1,0.02,0.5
Vmax_0968,0.00242355,0.000484711,0.0121178
Keq_0968,2,0.4,10
Km0328_0968,0.1,0.02,0.5
Km0314_0968,0.1,0.02,0.5
Km1405_0968,0.1,0.02,0.5
Vmax_0970,0.00448357,0.000896715,0.0224179
Keq_0970,0.0815851,0.016317,0.407925
Km0434_0970,4.29,0.858,21.45
Km1616_0970,0.1,0.02,0.5
Km0586_0970,0.175,0.035,0.875
Km1620_0970,0.1,0.02,0.5
Vmax_0973,0.0129391,0.00258782,0.0646954
Keq_0973,0.308166,0.0616333,1.54083
Km1559_0973,0.649,0.1298,3.245
Km1616_0973,0.1,0.02,0.5
Km0656_0973,0.1,0.02,0.5
Km1620_0973,0.1,0.02,0.5
Vmax_0974,0.00518371,0.00103674,0.0259186
Keq_0974,0.155039,0.0310078,0.775194
Km0394_0974,1.29,0.258,6.45
Km1616_0974,0.1,0.02,0.5
Km0582_0974,0.1,0.02,0.5
Km1620_0974,0.1,0.02,0.5
Vmax_0976,0.0032718,0.000654359,0.016359
Keq_0976,2,0.4,10
Km0467_0976,0.1,0.02,0.5
Km1616_0976,0.1,0.02,0.5
Km0587_0976,0.1,0.02,0.5
Km1620_0976,0.1,0.02,0.5
Vmax_0978,0.00654359,0.00130872,0.032718
Keq_0978,2,0.4,10
Km0739_0978,0.1,0.02,0.5
Km1616_0978,0.1,0.02,0.5
Km0613_0978,0.1,0.02,0.5
Km1620_0978,0.1,0.02,0.5
Vmax_0982,2.42001,0.484003,12.1001
Keq_0982,2,0.4,10
Km0577_0982,0.1,0.02,0.5
Km1408_0982,0.1,0.02,0.5
Vmax_0984,3.48817,0.697634,17.4408
Keq_0984,2,0.4,10
Km0577_0984,0.1,0.02,0.5
Km0581_0984,0.1,0.02,0.5
Vmax_0986,0.0181686,0.00363371,0.0908429
Keq_0986,2,0.4,10
Km1416_0986,0.1,0.02,0.5
Km1569_0986,0.1,0.02,0.5
Km0700_0986,0.1,0.02,0.5
Km1413_0986,0.1,0.02,0.5
Vmax_0988,1.01135,0.202271,5.05676
Keq_0988,0.02023,0.004046,0.10115
Km1038_0988,0.1,0.02,0.5
Km1198_0988,1.5,0.3,7.5
Km0180_0988,0.175,0.035,0.875
Km1025_0988,0.1,0.02,0.5
Km1203_0988,0.0867,0.01734,0.4335
Vmax_0989,1.01135,0.202271,5.05676
Keq_0989,6.71141,1.34228,33.557
Km0959_0989,0.1,0.02,0.5
Km0991_0989,0.298,0.0596,1.49
Km1212_0989,0.1,0.02,0.5
Km1038_0989,0.1,0.02,0.5
Km1207_0989,0.1,0.02,0.5
Vmax_0990,3.13618,0.627236,15.6809
Keq_0990,0.58,0.116,2.9
Km1426_0990,0.1,0.02,0.5
Km0551_0990,0.1,0.02,0.5
Km0629_0990,0.29,0.058,1.45
Vmax_0992,0.0577614,0.0115523,0.288807
Keq_0992,1,0.2,5
Km0373_0992,0.1,0.02,0.5
Km1039_0992,0.2,0.04,1
Km0529_0992,0.1,0.02,0.5
Km1234_0992,0.1,0.02,0.5
Vmax_0993,0.00227925,0.000455849,0.0113962
Keq_0993,0.1,0.02,0.5
Km1039_0993,0.2,0.04,1
Km1302_0993,0.1,0.02,0.5
Km0231_0993,0.1,0.02,0.5
Km0456_0993,0.1,0.02,0.5
Km0529_0993,0.1,0.02,0.5
Vmax_0996,0.642242,0.128448,3.21121
Keq_0996,2,0.4,10
Km0211_0996,0.1,0.02,0.5
Km1212_0996,0.1,0.02,0.5
Km1207_0996,0.1,0.02,0.5
Km1429_0996,0.1,0.02,0.5
Vmax_0997,0.642242,0.128448,3.21121
Keq_0997,0.601399,0.12028,3.00699
Km0434_0997,4.29,0.858,21.45
Km1429_0997,0.1,0.02,0.5
Km0261_0997,0.1,0.02,0.5
Km0394_0997,1.29,0.258,6.45
Vmax_1010,0.0144932,0.00289865,0.0724662
Keq_1010,346.021,69.2042,1730.1
Km1203_1010,0.0867,0.01734,0.4335
Km1275_1010,0.1,0.02,0.5
Km1447_1010,0.1,0.02,0.5
Km0037_1010,0.1,0.02,0.5
Km1198_1010,1.5,0.3,7.5
Vmax_1011,0.0144932,0.00289865,0.0724662
Keq_1011,20,4,100
Km1212_1011,0.1,0.02,0.5
Km1275_1011,0.1,0.02,0.5
Km1447_1011,0.1,0.02,0.5
Km0037_1011,0.1,0.02,0.5
Km1207_1011,0.1,0.02,0.5
Vmax_1012,0.0606081,0.0121216,0.30304
Keq_1012,0.2,0.04,1
Km0190_1012,0.1,0.02,0.5
Km1212_1012,0.1,0.02,0.5
Km0633_1012,0.1,0.02,0.5
Km1207_1012,0.1,0.02,0.5
Km1447_1012,0.1,0.02,0.5
Vmax_1014,0.00156185,0.000312369,0.00780923
Keq_1014,20,4,100
Km0666_1014,0.1,0.02,0.5
Km0595_1014,0.1,0.02,0.5
Km0672_1014,0.1,0.02,0.5
Vmax_1026,0.250165,0.0500329,1.25082
Keq_1026,0.155039,0.0310078,0.775194
Km0394_1026,1.29,0.258,6.45
Km1467_1026,0.1,0.02,0.5
Km0298_1026,0.1,0.02,0.5
Km1322_1026,0.1,0.02,0.5
Vmax_1027,1.10787,0.221574,5.53936
Keq_1027,2,0.4,10
Km1212_1027,0.1,0.02,0.5
Km1469_1027,0.1,0.02,0.5
Km0841_1027,0.1,0.02,0.5
Km1207_1027,0.1,0.02,0.5
Vmax_1038,0.448223,0.0896445,2.24111
Keq_1038,2,0.4,10
Km1212_1038,0.1,0.02,0.5
Km1620_1038,0.1,0.02,0.5
Km1207_1038,0.1,0.02,0.5
Km1616_1038,0.1,0.02,0.5
Vmax_1041,0.378921,0.0757841,1.8946
Keq_1041,0.354,0.0708,1.77
Km1238_1041,0.1,0.02,0.5
Km1045_1041,0.177,0.0354,0.885
Km1322_1041,0.1,0.02,0.5
Vmax_1045,0.00966728,0.00193346,0.0483364
Keq_1045,2,0.4,10
Km0306_1045,0.1,0.02,0.5
Km0654_1045,0.1,0.02,0.5
Km0625_1045,0.1,0.02,0.5
Km0649_1045,0.1,0.02,0.5
Vmax_1049,4.39065,0.87813,21.9533
Keq_1049,1.58,0.316,7.9
Km0581_1049,0.1,0.02,0.5
Km1408_1049,0.1,0.02,0.5
Km0764_1049,0.079,0.0158,0.395
Km1427_1049,0.1,0.02,0.5
Vmax_1050,3.74841,0.749682,18.742
Keq_1050,0.93062,0.186124,4.6531
Km0551_1050,0.1,0.02,0.5
Km0581_1050,0.1,0.02,0.5
Km0557_1050,0.0589,0.01178,0.2945
Km0764_1050,0.079,0.0158,0.395
Vmax_1051,0.122809,0.0245618,0.614044
Keq_1051,0.0385,0.0077,0.1925
Km0409_1051,0.02,0.004,0.1
Km1322_1051,0.1,0.02,0.5
Km1520_1051,0.00385,0.00077,0.01925
Vmax_1052,0.0255877,0.00511754,0.127939
Keq_1052,20,4,100
Km0619_1052,0.1,0.02,0.5
Km0595_1052,0.1,0.02,0.5
Km1524_1052,0.1,0.02,0.5
Vmax_1054,0.113821,0.0227641,0.569103
Keq_1054,7.34177,1.46835,36.7089
Km0764_1054,0.079,0.0158,0.395
Km0629_1054,0.29,0.058,1.45
Vmax_1055,0.429508,0.0859016,2.14754
Keq_1055,0.79,0.158,3.95
Km0086_1055,0.1,0.02,0.5
Km1039_1055,0.2,0.04,1
Km0764_1055,0.079,0.0158,0.395
Km1048_1055,0.1,0.02,0.5
Vmax_1063,0.259859,0.0519718,1.29929
Keq_1063,1.1745,0.234899,5.87248
Km0204_1063,0.1,0.02,0.5
Km0991_1063,0.298,0.0596,1.49
Km0180_1063,0.175,0.035,0.875
Km1051_1063,0.1,0.02,0.5
Vmax_1072,0.150853,0.0301705,0.754264
Keq_1072,1.69594,0.339189,8.47972
Km0434_1072,4.29,0.858,21.45
Km1545_1072,0.1,0.02,0.5
Km0394_1072,1.29,0.258,6.45
Km1538_1072,0.282,0.0564,1.41
Vmax_1084,4.63935,0.92787,23.1967
Keq_1084,1.06603,0.213206,5.33014
Km0567_1084,0.135,0.027,0.675
Km1559_1084,0.649,0.1298,3.245
Km0633_1084,0.1,0.02,0.5
Km1543_1084,0.467,0.0934,2.335
Vmax_1087,0.692059,0.138412,3.4603
Keq_1087,1.1745,0.234899,5.87248
Km0232_1087,0.1,0.02,0.5
Km0991_1087,0.298,0.0596,1.49
Km0180_1087,0.175,0.035,0.875
Km1056_1087,0.1,0.02,0.5
Vmax_1106,0.1586,0.03172,0.793
Km0362_1106,55.8,11.16,279
Vmax_1115,3.66358,0.732716,18.3179
Km0420_1115,1,0.2,5
Km0419_1115,0.1,0.02,0.5
Vmax_1166,11.4019,2.28038,57.0095
Km0565_1166,74,14.8,370
Km0563_1166,1.57,0.314,7.85
Vmax_1172,0.0622,0.01244,0.311
Km0765_1172,0.15,0.03,0.75
Vmax_1244,0.151991,0.0303981,0.759953
Km1324_1244,1,0.2,5
Km1322_1244,0.1,0.02,0.5
Vmax_1266,0.072386,0.0144772,0.36193
Km1468_1266,1,0.2,5
Km1467_1266,0.1,0.02,0.5
Vmax_1664,2.70177,0.540354,13.5089
Keq_1664,2,0.4,10
Km0456_1664,0.1,0.02,0.5
Km0445_1664,0.1,0.02,0.5
Vmax_1697,12.22,2.444,61.1
Km0456_1697,0.1,0.02,0.5
Vmax_1704,0.0032718,0.000654359,0.016359
Keq_1704,6.65116,1.33023,33.2558
Km0394_1704,1.29,0.258,6.45
Km0587_1704,0.1,0.02,0.5
Km0434_1704,4.29,0.858,21.45
Km0589_1704,0.1,0.02,0.5
Vmax_1729,0.00966728,0.00193346,0.0483364
Keq_1729,6.65116,1.33023,33.2558
Km0394_1729,1.29,0.258,6.45
Km0582_1729,0.1,0.02,0.5
Km0434_1729,4.29,0.858,21.45
Km0584_1729,0.1,0.02,0.5
Vmax_1762,9.12,1.824,45.6
Km0680_1762,55.5,11.1,277.5
Vmax_1936,28.0101,5.60202,140.05
Keq_1936,0.0689655,0.0137931,0.344828
Km0629_1936,0.29,0.058,1.45
Km1151_1936,0.1,0.02,0.5
Km1322_1936,0.1,0.02,0.5
Vmax_1979,4.93716,0.987433,24.6858
Km1277_1979,1,0.2,5
Km1275_1979,0.1,0.02,0.5
Vmax_2030,0.00173111,0.000346222,0.00865555
Keq_2030,0.2,0.04,1
Km0313_2030,0.1,0.02,0.5
Km0314_2030,0.1,0.02,0.5
Km1322_2030,0.1,0.02,0.5
Vmax_2079,0.01556,0.003112,0.0778
Km1520_2079,0.00385,0.00077,0.01925
V0_2111,0.192345,0.0384691,0.961727
ic0002_2111,0.1,0.02,0.5
ep0002_2111,1.14,0.228,5.7
ic0423_2111,0.44,0.088,2.2
ep0423_2111,0.051,0.0102,0.255
ic0434_2111,4.29,0.858,21.45
ep0434_2111,59.3,11.86,296.5
ic0526_2111,0.1,0.02,0.5
ep0526_2111,0.05,0.01,0.25
ic0584_2111,0.1,0.02,0.5
ep0584_2111,0.00359,0.000718,0.01795
ic0589_2111,0.1,0.02,0.5
ep0589_2111,0.00243,0.000486,0.01215
ic0615_2111,0.1,0.02,0.5
ep0615_2111,0.00243,0.000486,0.01215
ic0649_2111,0.1,0.02,0.5
ep0649_2111,0.00359,0.000718,0.01795
ic0773_2111,0.1,0.02,0.5
ep0773_2111,0.519,0.1038,2.595
ic0782_2111,0.1,0.02,0.5
ep0782_2111,0.051,0.0102,0.255
ic0955_2111,0.00953,0.001906,0.04765
ep0955_2111,0.357,0.0714,1.785
ic0965_2111,0.1,0.02,0.5
ep0965_2111,0.136,0.0272,0.68
ic0969_2111,0.1,0.02,0.5
ep0969_2111,0.172,0.0344,0.86
ic0973_2111,0.1,0.02,0.5
ep0973_2111,0.172,0.0344,0.86
ic0981_2111,0.1,0.02,0.5
ep0981_2111,0.0429,0.00858,0.2145
ic0991_2111,0.298,0.0596,1.49
ep0991_2111,0.268,0.0536,1.34
ic0999_2111,0.1,0.02,0.5
ep0999_2111,0.268,0.0536,1.34
ic1003_2111,0.195,0.039,0.975
ep1003_2111,0.325,0.065,1.625
ic1006_2111,0.1,0.02,0.5
ep1006_2111,0.075,0.015,0.375
ic1016_2111,0.1,0.02,0.5
ep1016_2111,0.172,0.0344,0.86
ic1021_2111,0.1,0.02,0.5
ep1021_2111,0.25,0.05,1.25
ic1025_2111,0.1,0.02,0.5
ep1025_2111,0.239,0.0478,1.195
ic1029_2111,0.1,0.02,0.5
ep1029_2111,0.05,0.01,0.25
ic1032_2111,0.1,0.02,0.5
ep1032_2111,0.114,0.0228,0.57
ic1035_2111,0.1,0.02,0.5
ep1035_2111,0.129,0.0258,0.645
ic1039_2111,0.2,0.04,1
ep1039_2111,0.254,0.0508,1.27
ic1045_2111,0.177,0.0354,0.885
ep1045_2111,0.197,0.0394,0.985
ic1048_2111,0.1,0.02,0.5
ep1048_2111,0.028,0.0056,0.14
ic1051_2111,0.1,0.02,0.5
ep1051_2111,0.0965,0.0193,0.4825
ic1056_2111,0.1,0.02,0.5
ep1056_2111,0.257,0.0514,1.285
ic1107_2111,0.1,0.02,0.5
ep1107_2111,0.821,0.1642,4.105
ic1405_2111,0.1,0.02,0.5
ep1405_2111,0.0009,0.00018,0.0045
ic1467_2111,0.1,0.02,0.5
ep1467_2111,0.02,0.004,0.1
ic1520_2111,0.00385,0.00077,0.01925
ep1520_2111,0.0234,0.00468,0.117
ic1545_2111,0.1,0.02,0.5
ep1545_2111,0.067,0.0134,0.335
ic0089_2111,0.1,0.02,0.5
ep0089_2111,0.00153,0.000306,0.00765
ic0122_2111,0.1,0.02,0.5
ep0122_2111,5.6e-05,1.12e-05,0.00028
ic0918_2111,0.1,0.02,0.5
ep0918_2111,0.000538625,0.000107725,0.00269313
ic0657_2111,0.1,0.02,0.5
ep0657_2111,9.6e-05,1.92e-05,0.00048
ic0662_2111,0.1,0.02,0.5
ep0662_2111,0.000125,2.5e-05,0.000625
ic0666_2111,0.1,0.02,0.5
ep0666_2111,0.0056,0.00112,0.028
ic0672_2111,0.1,0.02,0.5
ep0672_2111,0.000812,0.0001624,0.00406
ic0595_2111,0.1,0.02,0.5
ep0595_2111,0.0005356,0.00010712,0.002678
ic0700_2111,0.1,0.02,0.5
ep0700_2111,0.000114,2.28e-05,0.00057
ic1059_2111,0.1,0.02,0.5
ep1059_2111,3.2e-05,6.4e-06,0.00016
ic1337_2111,0.1,0.02,0.5
ep1337_2111,0.000373,7.46e-05,0.001865
ic1346_2111,0.1,0.02,0.5
ep1346_2111,0.00288,0.000576,0.0144
ic1351_2111,0.1,0.02,0.5
ep1351_2111,0.000697,0.0001394,0.003485
ic1524_2111,0.1,0.02,0.5
ep1524_2111,0.000781,0.0001562,0.003905
ic1569_2111,0.1,0.02,0.5
ep1569_2111,1.5e-05,3e-06,7.5e-05